round,symbol,context_start_date,origin_date,total_context_rows,valid_return_count,missing_return_count,leading_missing_count,first_valid_return_date,last_valid_return_date,origin_return_is_valid,notes
1,ABBV,2020-03-19,2022-03-04,512,512,0,0,2020-03-19,2022-03-04,True,
1,ACN,2020-03-19,2022-03-04,512,512,0,0,2020-03-19,2022-03-04,True,
1,AEP,2020-03-19,2022-03-04,512,512,0,0,2020-03-19,2022-03-04,True,
1,AIZ,2020-03-19,2022-03-04,512,512,0,0,2020-03-19,2022-03-04,True,
1,ALLE,2020-03-19,2022-03-04,512,512,0,0,2020-03-19,2022-03-04,True,
1,AMAT,2020-03-19,2022-03-04,512,512,0,0,2020-03-19,2022-03-04,True,
1,AMP,2020-03-19,2022-03-04,512,512,0,0,2020-03-19,2022-03-04,True,
1,AMZN,2020-03-19,2022-03-04,512,512,0,0,2020-03-19,2022-03-04,True,
1,AVB,2020-03-19,2022-03-04,512,512,0,0,2020-03-19,2022-03-04,True,
1,AVY,2020-03-19,2022-03-04,512,512,0,0,2020-03-19,2022-03-04,True,
1,AXP,2020-03-19,2022-03-04,512,512,0,0,2020-03-19,2022-03-04,True,
1,BDX,2020-03-19,2022-03-04,512,512,0,0,2020-03-19,2022-03-04,True,
1,BF-B,2020-03-19,2022-03-04,512,512,0,0,2020-03-19,2022-03-04,True,
1,BMY,2020-03-19,2022-03-04,512,512,0,0,2020-03-19,2022-03-04,True,
1,BR,2020-03-19,2022-03-04,512,512,0,0,2020-03-19,2022-03-04,True,
1,CARR,2020-03-19,2022-03-04,512,511,1,1,2020-03-20,2022-03-04,True,"Genuine later inception; leading missing values preserved, no padding."
1,CDW,2020-03-19,2022-03-04,512,512,0,0,2020-03-19,2022-03-04,True,
1,CE,2020-03-19,2022-03-04,512,512,0,0,2020-03-19,2022-03-04,True,
1,CHTR,2020-03-19,2022-03-04,512,512,0,0,2020-03-19,2022-03-04,True,
1,CNC,2020-03-19,2022-03-04,512,512,0,0,2020-03-19,2022-03-04,True,
1,CNP,2020-03-19,2022-03-04,512,512,0,0,2020-03-19,2022-03-04,True,
1,COP,2020-03-19,2022-03-04,512,512,0,0,2020-03-19,2022-03-04,True,
1,CTAS,2020-03-19,2022-03-04,512,512,0,0,2020-03-19,2022-03-04,True,
1,CZR,2020-03-19,2022-03-04,512,512,0,0,2020-03-19,2022-03-04,True,
1,DG,2020-03-19,2022-03-04,512,512,0,0,2020-03-19,2022-03-04,True,
1,DPZ,2020-03-19,2022-03-04,512,512,0,0,2020-03-19,2022-03-04,True,
1,DRE,2020-03-19,2022-03-04,512,512,0,0,2020-03-19,2022-03-04,True,
1,DXC,2020-03-19,2022-03-04,512,512,0,0,2020-03-19,2022-03-04,True,
1,EWA,2020-03-19,2022-03-04,512,512,0,0,2020-03-19,2022-03-04,True,
1,EWC,2020-03-19,2022-03-04,512,512,0,0,2020-03-19,2022-03-04,True,
1,EWG,2020-03-19,2022-03-04,512,512,0,0,2020-03-19,2022-03-04,True,
1,EWH,2020-03-19,2022-03-04,512,512,0,0,2020-03-19,2022-03-04,True,
1,EWJ,2020-03-19,2022-03-04,512,512,0,0,2020-03-19,2022-03-04,True,
1,EWL,2020-03-19,2022-03-04,512,512,0,0,2020-03-19,2022-03-04,True,
1,EWQ,2020-03-19,2022-03-04,512,512,0,0,2020-03-19,2022-03-04,True,
1,EWT,2020-03-19,2022-03-04,512,512,0,0,2020-03-19,2022-03-04,True,
1,EWU,2020-03-19,2022-03-04,512,512,0,0,2020-03-19,2022-03-04,True,
1,EWY,2020-03-19,2022-03-04,512,512,0,0,2020-03-19,2022-03-04,True,
1,EWZ,2020-03-19,2022-03-04,512,512,0,0,2020-03-19,2022-03-04,True,
1,FTV,2020-03-19,2022-03-04,512,512,0,0,2020-03-19,2022-03-04,True,
1,GOOG,2020-03-19,2022-03-04,512,512,0,0,2020-03-19,2022-03-04,True,
1,GPC,2020-03-19,2022-03-04,512,512,0,0,2020-03-19,2022-03-04,True,
1,GSG,2020-03-19,2022-03-04,512,512,0,0,2020-03-19,2022-03-04,True,
1,HIG,2020-03-19,2022-03-04,512,512,0,0,2020-03-19,2022-03-04,True,
1,HIGH.L,2020-03-19,2022-03-04,512,512,0,0,2020-03-19,2022-03-04,True,
1,HST,2020-03-19,2022-03-04,512,512,0,0,2020-03-19,2022-03-04,True,
1,HYG,2020-03-19,2022-03-04,512,512,0,0,2020-03-19,2022-03-04,True,
1,IAU,2020-03-19,2022-03-04,512,512,0,0,2020-03-19,2022-03-04,True,
1,ICLN,2020-03-19,2022-03-04,512,512,0,0,2020-03-19,2022-03-04,True,
1,IEAA.L,2020-03-19,2022-03-04,512,512,0,0,2020-03-19,2022-03-04,True,
1,IEF,2020-03-19,2022-03-04,512,512,0,0,2020-03-19,2022-03-04,True,
1,IEFM.L,2020-03-19,2022-03-04,512,512,0,0,2020-03-19,2022-03-04,True,
1,IEMG,2020-03-19,2022-03-04,512,512,0,0,2020-03-19,2022-03-04,True,
1,IEUS,2020-03-19,2022-03-04,512,512,0,0,2020-03-19,2022-03-04,True,
1,IEVL.L,2020-03-19,2022-03-04,512,512,0,0,2020-03-19,2022-03-04,True,
1,IGF,2020-03-19,2022-03-04,512,512,0,0,2020-03-19,2022-03-04,True,
1,INDA,2020-03-19,2022-03-04,512,512,0,0,2020-03-19,2022-03-04,True,
1,IUMO.L,2020-03-19,2022-03-04,512,512,0,0,2020-03-19,2022-03-04,True,
1,IUVL.L,2020-03-19,2022-03-04,512,512,0,0,2020-03-19,2022-03-04,True,
1,IVV,2020-03-19,2022-03-04,512,512,0,0,2020-03-19,2022-03-04,True,
1,IWM,2020-03-19,2022-03-04,512,512,0,0,2020-03-19,2022-03-04,True,
1,IXN,2020-03-19,2022-03-04,512,512,0,0,2020-03-19,2022-03-04,True,
1,JPEA.L,2020-03-19,2022-03-04,512,512,0,0,2020-03-19,2022-03-04,True,
1,JPM,2020-03-19,2022-03-04,512,512,0,0,2020-03-19,2022-03-04,True,
1,KR,2020-03-19,2022-03-04,512,512,0,0,2020-03-19,2022-03-04,True,
1,LQD,2020-03-19,2022-03-04,512,512,0,0,2020-03-19,2022-03-04,True,
1,MCHI,2020-03-19,2022-03-04,512,512,0,0,2020-03-19,2022-03-04,True,
1,META,2020-03-19,2022-03-04,512,512,0,0,2020-03-19,2022-03-04,True,
1,MVEU.L,2020-03-19,2022-03-04,512,512,0,0,2020-03-19,2022-03-04,True,
1,OGN,2020-03-19,2022-03-04,512,210,302,302,2021-05-17,2022-03-04,True,"Genuine later inception; leading missing values preserved, no padding."
1,PG,2020-03-19,2022-03-04,512,512,0,0,2020-03-19,2022-03-04,True,
1,PPL,2020-03-19,2022-03-04,512,512,0,0,2020-03-19,2022-03-04,True,
1,PRU,2020-03-19,2022-03-04,512,512,0,0,2020-03-19,2022-03-04,True,
1,PYPL,2020-03-19,2022-03-04,512,512,0,0,2020-03-19,2022-03-04,True,
1,RE,2020-03-19,2022-03-04,512,512,0,0,2020-03-19,2022-03-04,True,
1,REET,2020-03-19,2022-03-04,512,512,0,0,2020-03-19,2022-03-04,True,
1,ROL,2020-03-19,2022-03-04,512,512,0,0,2020-03-19,2022-03-04,True,
1,ROST,2020-03-19,2022-03-04,512,512,0,0,2020-03-19,2022-03-04,True,
1,SEGA.L,2020-03-19,2022-03-04,512,512,0,0,2020-03-19,2022-03-04,True,
1,SHY,2020-03-19,2022-03-04,512,512,0,0,2020-03-19,2022-03-04,True,
1,SLV,2020-03-19,2022-03-04,512,512,0,0,2020-03-19,2022-03-04,True,
1,SPMV.L,2020-03-19,2022-03-04,512,512,0,0,2020-03-19,2022-03-04,True,
1,TLT,2020-03-19,2022-03-04,512,512,0,0,2020-03-19,2022-03-04,True,
1,UNH,2020-03-19,2022-03-04,512,512,0,0,2020-03-19,2022-03-04,True,
1,URI,2020-03-19,2022-03-04,512,512,0,0,2020-03-19,2022-03-04,True,
1,V,2020-03-19,2022-03-04,512,512,0,0,2020-03-19,2022-03-04,True,
1,VRSK,2020-03-19,2022-03-04,512,512,0,0,2020-03-19,2022-03-04,True,
1,VXX,2020-03-19,2022-03-04,512,512,0,0,2020-03-19,2022-03-04,True,
1,WRK,2020-03-19,2022-03-04,512,512,0,0,2020-03-19,2022-03-04,True,
1,XLB,2020-03-19,2022-03-04,512,512,0,0,2020-03-19,2022-03-04,True,
1,XLC,2020-03-19,2022-03-04,512,512,0,0,2020-03-19,2022-03-04,True,
1,XLE,2020-03-19,2022-03-04,512,512,0,0,2020-03-19,2022-03-04,True,
1,XLF,2020-03-19,2022-03-04,512,512,0,0,2020-03-19,2022-03-04,True,
1,XLI,2020-03-19,2022-03-04,512,512,0,0,2020-03-19,2022-03-04,True,
1,XLK,2020-03-19,2022-03-04,512,512,0,0,2020-03-19,2022-03-04,True,
1,XLP,2020-03-19,2022-03-04,512,512,0,0,2020-03-19,2022-03-04,True,
1,XLU,2020-03-19,2022-03-04,512,512,0,0,2020-03-19,2022-03-04,True,
1,XLV,2020-03-19,2022-03-04,512,512,0,0,2020-03-19,2022-03-04,True,
1,XLY,2020-03-19,2022-03-04,512,512,0,0,2020-03-19,2022-03-04,True,
1,XOM,2020-03-19,2022-03-04,512,512,0,0,2020-03-19,2022-03-04,True,
2,ABBV,2020-04-16,2022-04-01,512,512,0,0,2020-04-16,2022-04-01,True,
2,ACN,2020-04-16,2022-04-01,512,512,0,0,2020-04-16,2022-04-01,True,
2,AEP,2020-04-16,2022-04-01,512,512,0,0,2020-04-16,2022-04-01,True,
2,AIZ,2020-04-16,2022-04-01,512,512,0,0,2020-04-16,2022-04-01,True,
2,ALLE,2020-04-16,2022-04-01,512,512,0,0,2020-04-16,2022-04-01,True,
2,AMAT,2020-04-16,2022-04-01,512,512,0,0,2020-04-16,2022-04-01,True,
2,AMP,2020-04-16,2022-04-01,512,512,0,0,2020-04-16,2022-04-01,True,
2,AMZN,2020-04-16,2022-04-01,512,512,0,0,2020-04-16,2022-04-01,True,
2,AVB,2020-04-16,2022-04-01,512,512,0,0,2020-04-16,2022-04-01,True,
2,AVY,2020-04-16,2022-04-01,512,512,0,0,2020-04-16,2022-04-01,True,
2,AXP,2020-04-16,2022-04-01,512,512,0,0,2020-04-16,2022-04-01,True,
2,BDX,2020-04-16,2022-04-01,512,512,0,0,2020-04-16,2022-04-01,True,
2,BF-B,2020-04-16,2022-04-01,512,512,0,0,2020-04-16,2022-04-01,True,
2,BMY,2020-04-16,2022-04-01,512,512,0,0,2020-04-16,2022-04-01,True,
2,BR,2020-04-16,2022-04-01,512,512,0,0,2020-04-16,2022-04-01,True,
2,CARR,2020-04-16,2022-04-01,512,512,0,0,2020-04-16,2022-04-01,True,
2,CDW,2020-04-16,2022-04-01,512,512,0,0,2020-04-16,2022-04-01,True,
2,CE,2020-04-16,2022-04-01,512,512,0,0,2020-04-16,2022-04-01,True,
2,CHTR,2020-04-16,2022-04-01,512,512,0,0,2020-04-16,2022-04-01,True,
2,CNC,2020-04-16,2022-04-01,512,512,0,0,2020-04-16,2022-04-01,True,
2,CNP,2020-04-16,2022-04-01,512,512,0,0,2020-04-16,2022-04-01,True,
2,COP,2020-04-16,2022-04-01,512,512,0,0,2020-04-16,2022-04-01,True,
2,CTAS,2020-04-16,2022-04-01,512,512,0,0,2020-04-16,2022-04-01,True,
2,CZR,2020-04-16,2022-04-01,512,512,0,0,2020-04-16,2022-04-01,True,
2,DG,2020-04-16,2022-04-01,512,512,0,0,2020-04-16,2022-04-01,True,
2,DPZ,2020-04-16,2022-04-01,512,512,0,0,2020-04-16,2022-04-01,True,
2,DRE,2020-04-16,2022-04-01,512,512,0,0,2020-04-16,2022-04-01,True,
2,DXC,2020-04-16,2022-04-01,512,512,0,0,2020-04-16,2022-04-01,True,
2,EWA,2020-04-16,2022-04-01,512,512,0,0,2020-04-16,2022-04-01,True,
2,EWC,2020-04-16,2022-04-01,512,512,0,0,2020-04-16,2022-04-01,True,
2,EWG,2020-04-16,2022-04-01,512,512,0,0,2020-04-16,2022-04-01,True,
2,EWH,2020-04-16,2022-04-01,512,512,0,0,2020-04-16,2022-04-01,True,
2,EWJ,2020-04-16,2022-04-01,512,512,0,0,2020-04-16,2022-04-01,True,
2,EWL,2020-04-16,2022-04-01,512,512,0,0,2020-04-16,2022-04-01,True,
2,EWQ,2020-04-16,2022-04-01,512,512,0,0,2020-04-16,2022-04-01,True,
2,EWT,2020-04-16,2022-04-01,512,512,0,0,2020-04-16,2022-04-01,True,
2,EWU,2020-04-16,2022-04-01,512,512,0,0,2020-04-16,2022-04-01,True,
2,EWY,2020-04-16,2022-04-01,512,512,0,0,2020-04-16,2022-04-01,True,
2,EWZ,2020-04-16,2022-04-01,512,512,0,0,2020-04-16,2022-04-01,True,
2,FTV,2020-04-16,2022-04-01,512,512,0,0,2020-04-16,2022-04-01,True,
2,GOOG,2020-04-16,2022-04-01,512,512,0,0,2020-04-16,2022-04-01,True,
2,GPC,2020-04-16,2022-04-01,512,512,0,0,2020-04-16,2022-04-01,True,
2,GSG,2020-04-16,2022-04-01,512,512,0,0,2020-04-16,2022-04-01,True,
2,HIG,2020-04-16,2022-04-01,512,512,0,0,2020-04-16,2022-04-01,True,
2,HIGH.L,2020-04-16,2022-04-01,512,512,0,0,2020-04-16,2022-04-01,True,
2,HST,2020-04-16,2022-04-01,512,512,0,0,2020-04-16,2022-04-01,True,
2,HYG,2020-04-16,2022-04-01,512,512,0,0,2020-04-16,2022-04-01,True,
2,IAU,2020-04-16,2022-04-01,512,512,0,0,2020-04-16,2022-04-01,True,
2,ICLN,2020-04-16,2022-04-01,512,512,0,0,2020-04-16,2022-04-01,True,
2,IEAA.L,2020-04-16,2022-04-01,512,512,0,0,2020-04-16,2022-04-01,True,
2,IEF,2020-04-16,2022-04-01,512,512,0,0,2020-04-16,2022-04-01,True,
2,IEFM.L,2020-04-16,2022-04-01,512,512,0,0,2020-04-16,2022-04-01,True,
2,IEMG,2020-04-16,2022-04-01,512,512,0,0,2020-04-16,2022-04-01,True,
2,IEUS,2020-04-16,2022-04-01,512,512,0,0,2020-04-16,2022-04-01,True,
2,IEVL.L,2020-04-16,2022-04-01,512,512,0,0,2020-04-16,2022-04-01,True,
2,IGF,2020-04-16,2022-04-01,512,512,0,0,2020-04-16,2022-04-01,True,
2,INDA,2020-04-16,2022-04-01,512,512,0,0,2020-04-16,2022-04-01,True,
2,IUMO.L,2020-04-16,2022-04-01,512,512,0,0,2020-04-16,2022-04-01,True,
2,IUVL.L,2020-04-16,2022-04-01,512,512,0,0,2020-04-16,2022-04-01,True,
2,IVV,2020-04-16,2022-04-01,512,512,0,0,2020-04-16,2022-04-01,True,
2,IWM,2020-04-16,2022-04-01,512,512,0,0,2020-04-16,2022-04-01,True,
2,IXN,2020-04-16,2022-04-01,512,512,0,0,2020-04-16,2022-04-01,True,
2,JPEA.L,2020-04-16,2022-04-01,512,512,0,0,2020-04-16,2022-04-01,True,
2,JPM,2020-04-16,2022-04-01,512,512,0,0,2020-04-16,2022-04-01,True,
2,KR,2020-04-16,2022-04-01,512,512,0,0,2020-04-16,2022-04-01,True,
2,LQD,2020-04-16,2022-04-01,512,512,0,0,2020-04-16,2022-04-01,True,
2,MCHI,2020-04-16,2022-04-01,512,512,0,0,2020-04-16,2022-04-01,True,
2,META,2020-04-16,2022-04-01,512,512,0,0,2020-04-16,2022-04-01,True,
2,MVEU.L,2020-04-16,2022-04-01,512,512,0,0,2020-04-16,2022-04-01,True,
2,OGN,2020-04-16,2022-04-01,512,230,282,282,2021-05-17,2022-04-01,True,"Genuine later inception; leading missing values preserved, no padding."
2,PG,2020-04-16,2022-04-01,512,512,0,0,2020-04-16,2022-04-01,True,
2,PPL,2020-04-16,2022-04-01,512,512,0,0,2020-04-16,2022-04-01,True,
2,PRU,2020-04-16,2022-04-01,512,512,0,0,2020-04-16,2022-04-01,True,
2,PYPL,2020-04-16,2022-04-01,512,512,0,0,2020-04-16,2022-04-01,True,
2,RE,2020-04-16,2022-04-01,512,512,0,0,2020-04-16,2022-04-01,True,
2,REET,2020-04-16,2022-04-01,512,512,0,0,2020-04-16,2022-04-01,True,
2,ROL,2020-04-16,2022-04-01,512,512,0,0,2020-04-16,2022-04-01,True,
2,ROST,2020-04-16,2022-04-01,512,512,0,0,2020-04-16,2022-04-01,True,
2,SEGA.L,2020-04-16,2022-04-01,512,512,0,0,2020-04-16,2022-04-01,True,
2,SHY,2020-04-16,2022-04-01,512,512,0,0,2020-04-16,2022-04-01,True,
2,SLV,2020-04-16,2022-04-01,512,512,0,0,2020-04-16,2022-04-01,True,
2,SPMV.L,2020-04-16,2022-04-01,512,512,0,0,2020-04-16,2022-04-01,True,
2,TLT,2020-04-16,2022-04-01,512,512,0,0,2020-04-16,2022-04-01,True,
2,UNH,2020-04-16,2022-04-01,512,512,0,0,2020-04-16,2022-04-01,True,
2,URI,2020-04-16,2022-04-01,512,512,0,0,2020-04-16,2022-04-01,True,
2,V,2020-04-16,2022-04-01,512,512,0,0,2020-04-16,2022-04-01,True,
2,VRSK,2020-04-16,2022-04-01,512,512,0,0,2020-04-16,2022-04-01,True,
2,VXX,2020-04-16,2022-04-01,512,512,0,0,2020-04-16,2022-04-01,True,
2,WRK,2020-04-16,2022-04-01,512,512,0,0,2020-04-16,2022-04-01,True,
2,XLB,2020-04-16,2022-04-01,512,512,0,0,2020-04-16,2022-04-01,True,
2,XLC,2020-04-16,2022-04-01,512,512,0,0,2020-04-16,2022-04-01,True,
2,XLE,2020-04-16,2022-04-01,512,512,0,0,2020-04-16,2022-04-01,True,
2,XLF,2020-04-16,2022-04-01,512,512,0,0,2020-04-16,2022-04-01,True,
2,XLI,2020-04-16,2022-04-01,512,512,0,0,2020-04-16,2022-04-01,True,
2,XLK,2020-04-16,2022-04-01,512,512,0,0,2020-04-16,2022-04-01,True,
2,XLP,2020-04-16,2022-04-01,512,512,0,0,2020-04-16,2022-04-01,True,
2,XLU,2020-04-16,2022-04-01,512,512,0,0,2020-04-16,2022-04-01,True,
2,XLV,2020-04-16,2022-04-01,512,512,0,0,2020-04-16,2022-04-01,True,
2,XLY,2020-04-16,2022-04-01,512,512,0,0,2020-04-16,2022-04-01,True,
2,XOM,2020-04-16,2022-04-01,512,512,0,0,2020-04-16,2022-04-01,True,
3,ABBV,2020-05-14,2022-04-29,512,512,0,0,2020-05-14,2022-04-29,True,
3,ACN,2020-05-14,2022-04-29,512,512,0,0,2020-05-14,2022-04-29,True,
3,AEP,2020-05-14,2022-04-29,512,512,0,0,2020-05-14,2022-04-29,True,
3,AIZ,2020-05-14,2022-04-29,512,512,0,0,2020-05-14,2022-04-29,True,
3,ALLE,2020-05-14,2022-04-29,512,512,0,0,2020-05-14,2022-04-29,True,
3,AMAT,2020-05-14,2022-04-29,512,512,0,0,2020-05-14,2022-04-29,True,
3,AMP,2020-05-14,2022-04-29,512,512,0,0,2020-05-14,2022-04-29,True,
3,AMZN,2020-05-14,2022-04-29,512,512,0,0,2020-05-14,2022-04-29,True,
3,AVB,2020-05-14,2022-04-29,512,512,0,0,2020-05-14,2022-04-29,True,
3,AVY,2020-05-14,2022-04-29,512,512,0,0,2020-05-14,2022-04-29,True,
3,AXP,2020-05-14,2022-04-29,512,512,0,0,2020-05-14,2022-04-29,True,
3,BDX,2020-05-14,2022-04-29,512,512,0,0,2020-05-14,2022-04-29,True,
3,BF-B,2020-05-14,2022-04-29,512,512,0,0,2020-05-14,2022-04-29,True,
3,BMY,2020-05-14,2022-04-29,512,512,0,0,2020-05-14,2022-04-29,True,
3,BR,2020-05-14,2022-04-29,512,512,0,0,2020-05-14,2022-04-29,True,
3,CARR,2020-05-14,2022-04-29,512,512,0,0,2020-05-14,2022-04-29,True,
3,CDW,2020-05-14,2022-04-29,512,512,0,0,2020-05-14,2022-04-29,True,
3,CE,2020-05-14,2022-04-29,512,512,0,0,2020-05-14,2022-04-29,True,
3,CHTR,2020-05-14,2022-04-29,512,512,0,0,2020-05-14,2022-04-29,True,
3,CNC,2020-05-14,2022-04-29,512,512,0,0,2020-05-14,2022-04-29,True,
3,CNP,2020-05-14,2022-04-29,512,512,0,0,2020-05-14,2022-04-29,True,
3,COP,2020-05-14,2022-04-29,512,512,0,0,2020-05-14,2022-04-29,True,
3,CTAS,2020-05-14,2022-04-29,512,512,0,0,2020-05-14,2022-04-29,True,
3,CZR,2020-05-14,2022-04-29,512,512,0,0,2020-05-14,2022-04-29,True,
3,DG,2020-05-14,2022-04-29,512,512,0,0,2020-05-14,2022-04-29,True,
3,DPZ,2020-05-14,2022-04-29,512,512,0,0,2020-05-14,2022-04-29,True,
3,DRE,2020-05-14,2022-04-29,512,512,0,0,2020-05-14,2022-04-29,True,
3,DXC,2020-05-14,2022-04-29,512,512,0,0,2020-05-14,2022-04-29,True,
3,EWA,2020-05-14,2022-04-29,512,512,0,0,2020-05-14,2022-04-29,True,
3,EWC,2020-05-14,2022-04-29,512,512,0,0,2020-05-14,2022-04-29,True,
3,EWG,2020-05-14,2022-04-29,512,512,0,0,2020-05-14,2022-04-29,True,
3,EWH,2020-05-14,2022-04-29,512,512,0,0,2020-05-14,2022-04-29,True,
3,EWJ,2020-05-14,2022-04-29,512,512,0,0,2020-05-14,2022-04-29,True,
3,EWL,2020-05-14,2022-04-29,512,512,0,0,2020-05-14,2022-04-29,True,
3,EWQ,2020-05-14,2022-04-29,512,512,0,0,2020-05-14,2022-04-29,True,
3,EWT,2020-05-14,2022-04-29,512,512,0,0,2020-05-14,2022-04-29,True,
3,EWU,2020-05-14,2022-04-29,512,512,0,0,2020-05-14,2022-04-29,True,
3,EWY,2020-05-14,2022-04-29,512,512,0,0,2020-05-14,2022-04-29,True,
3,EWZ,2020-05-14,2022-04-29,512,512,0,0,2020-05-14,2022-04-29,True,
3,FTV,2020-05-14,2022-04-29,512,512,0,0,2020-05-14,2022-04-29,True,
3,GOOG,2020-05-14,2022-04-29,512,512,0,0,2020-05-14,2022-04-29,True,
3,GPC,2020-05-14,2022-04-29,512,512,0,0,2020-05-14,2022-04-29,True,
3,GSG,2020-05-14,2022-04-29,512,512,0,0,2020-05-14,2022-04-29,True,
3,HIG,2020-05-14,2022-04-29,512,512,0,0,2020-05-14,2022-04-29,True,
3,HIGH.L,2020-05-14,2022-04-29,512,512,0,0,2020-05-14,2022-04-29,True,
3,HST,2020-05-14,2022-04-29,512,512,0,0,2020-05-14,2022-04-29,True,
3,HYG,2020-05-14,2022-04-29,512,512,0,0,2020-05-14,2022-04-29,True,
3,IAU,2020-05-14,2022-04-29,512,512,0,0,2020-05-14,2022-04-29,True,
3,ICLN,2020-05-14,2022-04-29,512,512,0,0,2020-05-14,2022-04-29,True,
3,IEAA.L,2020-05-14,2022-04-29,512,512,0,0,2020-05-14,2022-04-29,True,
3,IEF,2020-05-14,2022-04-29,512,512,0,0,2020-05-14,2022-04-29,True,
3,IEFM.L,2020-05-14,2022-04-29,512,512,0,0,2020-05-14,2022-04-29,True,
3,IEMG,2020-05-14,2022-04-29,512,512,0,0,2020-05-14,2022-04-29,True,
3,IEUS,2020-05-14,2022-04-29,512,512,0,0,2020-05-14,2022-04-29,True,
3,IEVL.L,2020-05-14,2022-04-29,512,512,0,0,2020-05-14,2022-04-29,True,
3,IGF,2020-05-14,2022-04-29,512,512,0,0,2020-05-14,2022-04-29,True,
3,INDA,2020-05-14,2022-04-29,512,512,0,0,2020-05-14,2022-04-29,True,
3,IUMO.L,2020-05-14,2022-04-29,512,512,0,0,2020-05-14,2022-04-29,True,
3,IUVL.L,2020-05-14,2022-04-29,512,512,0,0,2020-05-14,2022-04-29,True,
3,IVV,2020-05-14,2022-04-29,512,512,0,0,2020-05-14,2022-04-29,True,
3,IWM,2020-05-14,2022-04-29,512,512,0,0,2020-05-14,2022-04-29,True,
3,IXN,2020-05-14,2022-04-29,512,512,0,0,2020-05-14,2022-04-29,True,
3,JPEA.L,2020-05-14,2022-04-29,512,512,0,0,2020-05-14,2022-04-29,True,
3,JPM,2020-05-14,2022-04-29,512,512,0,0,2020-05-14,2022-04-29,True,
3,KR,2020-05-14,2022-04-29,512,512,0,0,2020-05-14,2022-04-29,True,
3,LQD,2020-05-14,2022-04-29,512,512,0,0,2020-05-14,2022-04-29,True,
3,MCHI,2020-05-14,2022-04-29,512,512,0,0,2020-05-14,2022-04-29,True,
3,META,2020-05-14,2022-04-29,512,512,0,0,2020-05-14,2022-04-29,True,
3,MVEU.L,2020-05-14,2022-04-29,512,512,0,0,2020-05-14,2022-04-29,True,
3,OGN,2020-05-14,2022-04-29,512,250,262,262,2021-05-17,2022-04-29,True,"Genuine later inception; leading missing values preserved, no padding."
3,PG,2020-05-14,2022-04-29,512,512,0,0,2020-05-14,2022-04-29,True,
3,PPL,2020-05-14,2022-04-29,512,512,0,0,2020-05-14,2022-04-29,True,
3,PRU,2020-05-14,2022-04-29,512,512,0,0,2020-05-14,2022-04-29,True,
3,PYPL,2020-05-14,2022-04-29,512,512,0,0,2020-05-14,2022-04-29,True,
3,RE,2020-05-14,2022-04-29,512,512,0,0,2020-05-14,2022-04-29,True,
3,REET,2020-05-14,2022-04-29,512,512,0,0,2020-05-14,2022-04-29,True,
3,ROL,2020-05-14,2022-04-29,512,512,0,0,2020-05-14,2022-04-29,True,
3,ROST,2020-05-14,2022-04-29,512,512,0,0,2020-05-14,2022-04-29,True,
3,SEGA.L,2020-05-14,2022-04-29,512,512,0,0,2020-05-14,2022-04-29,True,
3,SHY,2020-05-14,2022-04-29,512,512,0,0,2020-05-14,2022-04-29,True,
3,SLV,2020-05-14,2022-04-29,512,512,0,0,2020-05-14,2022-04-29,True,
3,SPMV.L,2020-05-14,2022-04-29,512,512,0,0,2020-05-14,2022-04-29,True,
3,TLT,2020-05-14,2022-04-29,512,512,0,0,2020-05-14,2022-04-29,True,
3,UNH,2020-05-14,2022-04-29,512,512,0,0,2020-05-14,2022-04-29,True,
3,URI,2020-05-14,2022-04-29,512,512,0,0,2020-05-14,2022-04-29,True,
3,V,2020-05-14,2022-04-29,512,512,0,0,2020-05-14,2022-04-29,True,
3,VRSK,2020-05-14,2022-04-29,512,512,0,0,2020-05-14,2022-04-29,True,
3,VXX,2020-05-14,2022-04-29,512,512,0,0,2020-05-14,2022-04-29,True,
3,WRK,2020-05-14,2022-04-29,512,512,0,0,2020-05-14,2022-04-29,True,
3,XLB,2020-05-14,2022-04-29,512,512,0,0,2020-05-14,2022-04-29,True,
3,XLC,2020-05-14,2022-04-29,512,512,0,0,2020-05-14,2022-04-29,True,
3,XLE,2020-05-14,2022-04-29,512,512,0,0,2020-05-14,2022-04-29,True,
3,XLF,2020-05-14,2022-04-29,512,512,0,0,2020-05-14,2022-04-29,True,
3,XLI,2020-05-14,2022-04-29,512,512,0,0,2020-05-14,2022-04-29,True,
3,XLK,2020-05-14,2022-04-29,512,512,0,0,2020-05-14,2022-04-29,True,
3,XLP,2020-05-14,2022-04-29,512,512,0,0,2020-05-14,2022-04-29,True,
3,XLU,2020-05-14,2022-04-29,512,512,0,0,2020-05-14,2022-04-29,True,
3,XLV,2020-05-14,2022-04-29,512,512,0,0,2020-05-14,2022-04-29,True,
3,XLY,2020-05-14,2022-04-29,512,512,0,0,2020-05-14,2022-04-29,True,
3,XOM,2020-05-14,2022-04-29,512,512,0,0,2020-05-14,2022-04-29,True,
4,ABBV,2020-06-11,2022-05-27,512,512,0,0,2020-06-11,2022-05-27,True,
4,ACN,2020-06-11,2022-05-27,512,512,0,0,2020-06-11,2022-05-27,True,
4,AEP,2020-06-11,2022-05-27,512,512,0,0,2020-06-11,2022-05-27,True,
4,AIZ,2020-06-11,2022-05-27,512,512,0,0,2020-06-11,2022-05-27,True,
4,ALLE,2020-06-11,2022-05-27,512,512,0,0,2020-06-11,2022-05-27,True,
4,AMAT,2020-06-11,2022-05-27,512,512,0,0,2020-06-11,2022-05-27,True,
4,AMP,2020-06-11,2022-05-27,512,512,0,0,2020-06-11,2022-05-27,True,
4,AMZN,2020-06-11,2022-05-27,512,512,0,0,2020-06-11,2022-05-27,True,
4,AVB,2020-06-11,2022-05-27,512,512,0,0,2020-06-11,2022-05-27,True,
4,AVY,2020-06-11,2022-05-27,512,512,0,0,2020-06-11,2022-05-27,True,
4,AXP,2020-06-11,2022-05-27,512,512,0,0,2020-06-11,2022-05-27,True,
4,BDX,2020-06-11,2022-05-27,512,512,0,0,2020-06-11,2022-05-27,True,
4,BF-B,2020-06-11,2022-05-27,512,512,0,0,2020-06-11,2022-05-27,True,
4,BMY,2020-06-11,2022-05-27,512,512,0,0,2020-06-11,2022-05-27,True,
4,BR,2020-06-11,2022-05-27,512,512,0,0,2020-06-11,2022-05-27,True,
4,CARR,2020-06-11,2022-05-27,512,512,0,0,2020-06-11,2022-05-27,True,
4,CDW,2020-06-11,2022-05-27,512,512,0,0,2020-06-11,2022-05-27,True,
4,CE,2020-06-11,2022-05-27,512,512,0,0,2020-06-11,2022-05-27,True,
4,CHTR,2020-06-11,2022-05-27,512,512,0,0,2020-06-11,2022-05-27,True,
4,CNC,2020-06-11,2022-05-27,512,512,0,0,2020-06-11,2022-05-27,True,
4,CNP,2020-06-11,2022-05-27,512,512,0,0,2020-06-11,2022-05-27,True,
4,COP,2020-06-11,2022-05-27,512,512,0,0,2020-06-11,2022-05-27,True,
4,CTAS,2020-06-11,2022-05-27,512,512,0,0,2020-06-11,2022-05-27,True,
4,CZR,2020-06-11,2022-05-27,512,512,0,0,2020-06-11,2022-05-27,True,
4,DG,2020-06-11,2022-05-27,512,512,0,0,2020-06-11,2022-05-27,True,
4,DPZ,2020-06-11,2022-05-27,512,512,0,0,2020-06-11,2022-05-27,True,
4,DRE,2020-06-11,2022-05-27,512,512,0,0,2020-06-11,2022-05-27,True,
4,DXC,2020-06-11,2022-05-27,512,512,0,0,2020-06-11,2022-05-27,True,
4,EWA,2020-06-11,2022-05-27,512,512,0,0,2020-06-11,2022-05-27,True,
4,EWC,2020-06-11,2022-05-27,512,512,0,0,2020-06-11,2022-05-27,True,
4,EWG,2020-06-11,2022-05-27,512,512,0,0,2020-06-11,2022-05-27,True,
4,EWH,2020-06-11,2022-05-27,512,512,0,0,2020-06-11,2022-05-27,True,
4,EWJ,2020-06-11,2022-05-27,512,512,0,0,2020-06-11,2022-05-27,True,
4,EWL,2020-06-11,2022-05-27,512,512,0,0,2020-06-11,2022-05-27,True,
4,EWQ,2020-06-11,2022-05-27,512,512,0,0,2020-06-11,2022-05-27,True,
4,EWT,2020-06-11,2022-05-27,512,512,0,0,2020-06-11,2022-05-27,True,
4,EWU,2020-06-11,2022-05-27,512,512,0,0,2020-06-11,2022-05-27,True,
4,EWY,2020-06-11,2022-05-27,512,512,0,0,2020-06-11,2022-05-27,True,
4,EWZ,2020-06-11,2022-05-27,512,512,0,0,2020-06-11,2022-05-27,True,
4,FTV,2020-06-11,2022-05-27,512,512,0,0,2020-06-11,2022-05-27,True,
4,GOOG,2020-06-11,2022-05-27,512,512,0,0,2020-06-11,2022-05-27,True,
4,GPC,2020-06-11,2022-05-27,512,512,0,0,2020-06-11,2022-05-27,True,
4,GSG,2020-06-11,2022-05-27,512,512,0,0,2020-06-11,2022-05-27,True,
4,HIG,2020-06-11,2022-05-27,512,512,0,0,2020-06-11,2022-05-27,True,
4,HIGH.L,2020-06-11,2022-05-27,512,512,0,0,2020-06-11,2022-05-27,True,
4,HST,2020-06-11,2022-05-27,512,512,0,0,2020-06-11,2022-05-27,True,
4,HYG,2020-06-11,2022-05-27,512,512,0,0,2020-06-11,2022-05-27,True,
4,IAU,2020-06-11,2022-05-27,512,512,0,0,2020-06-11,2022-05-27,True,
4,ICLN,2020-06-11,2022-05-27,512,512,0,0,2020-06-11,2022-05-27,True,
4,IEAA.L,2020-06-11,2022-05-27,512,512,0,0,2020-06-11,2022-05-27,True,
4,IEF,2020-06-11,2022-05-27,512,512,0,0,2020-06-11,2022-05-27,True,
4,IEFM.L,2020-06-11,2022-05-27,512,512,0,0,2020-06-11,2022-05-27,True,
4,IEMG,2020-06-11,2022-05-27,512,512,0,0,2020-06-11,2022-05-27,True,
4,IEUS,2020-06-11,2022-05-27,512,512,0,0,2020-06-11,2022-05-27,True,
4,IEVL.L,2020-06-11,2022-05-27,512,512,0,0,2020-06-11,2022-05-27,True,
4,IGF,2020-06-11,2022-05-27,512,512,0,0,2020-06-11,2022-05-27,True,
4,INDA,2020-06-11,2022-05-27,512,512,0,0,2020-06-11,2022-05-27,True,
4,IUMO.L,2020-06-11,2022-05-27,512,512,0,0,2020-06-11,2022-05-27,True,
4,IUVL.L,2020-06-11,2022-05-27,512,512,0,0,2020-06-11,2022-05-27,True,
4,IVV,2020-06-11,2022-05-27,512,512,0,0,2020-06-11,2022-05-27,True,
4,IWM,2020-06-11,2022-05-27,512,512,0,0,2020-06-11,2022-05-27,True,
4,IXN,2020-06-11,2022-05-27,512,512,0,0,2020-06-11,2022-05-27,True,
4,JPEA.L,2020-06-11,2022-05-27,512,512,0,0,2020-06-11,2022-05-27,True,
4,JPM,2020-06-11,2022-05-27,512,512,0,0,2020-06-11,2022-05-27,True,
4,KR,2020-06-11,2022-05-27,512,512,0,0,2020-06-11,2022-05-27,True,
4,LQD,2020-06-11,2022-05-27,512,512,0,0,2020-06-11,2022-05-27,True,
4,MCHI,2020-06-11,2022-05-27,512,512,0,0,2020-06-11,2022-05-27,True,
4,META,2020-06-11,2022-05-27,512,512,0,0,2020-06-11,2022-05-27,True,
4,MVEU.L,2020-06-11,2022-05-27,512,512,0,0,2020-06-11,2022-05-27,True,
4,OGN,2020-06-11,2022-05-27,512,270,242,242,2021-05-17,2022-05-27,True,"Genuine later inception; leading missing values preserved, no padding."
4,PG,2020-06-11,2022-05-27,512,512,0,0,2020-06-11,2022-05-27,True,
4,PPL,2020-06-11,2022-05-27,512,512,0,0,2020-06-11,2022-05-27,True,
4,PRU,2020-06-11,2022-05-27,512,512,0,0,2020-06-11,2022-05-27,True,
4,PYPL,2020-06-11,2022-05-27,512,512,0,0,2020-06-11,2022-05-27,True,
4,RE,2020-06-11,2022-05-27,512,512,0,0,2020-06-11,2022-05-27,True,
4,REET,2020-06-11,2022-05-27,512,512,0,0,2020-06-11,2022-05-27,True,
4,ROL,2020-06-11,2022-05-27,512,512,0,0,2020-06-11,2022-05-27,True,
4,ROST,2020-06-11,2022-05-27,512,512,0,0,2020-06-11,2022-05-27,True,
4,SEGA.L,2020-06-11,2022-05-27,512,512,0,0,2020-06-11,2022-05-27,True,
4,SHY,2020-06-11,2022-05-27,512,512,0,0,2020-06-11,2022-05-27,True,
4,SLV,2020-06-11,2022-05-27,512,512,0,0,2020-06-11,2022-05-27,True,
4,SPMV.L,2020-06-11,2022-05-27,512,512,0,0,2020-06-11,2022-05-27,True,
4,TLT,2020-06-11,2022-05-27,512,512,0,0,2020-06-11,2022-05-27,True,
4,UNH,2020-06-11,2022-05-27,512,512,0,0,2020-06-11,2022-05-27,True,
4,URI,2020-06-11,2022-05-27,512,512,0,0,2020-06-11,2022-05-27,True,
4,V,2020-06-11,2022-05-27,512,512,0,0,2020-06-11,2022-05-27,True,
4,VRSK,2020-06-11,2022-05-27,512,512,0,0,2020-06-11,2022-05-27,True,
4,VXX,2020-06-11,2022-05-27,512,512,0,0,2020-06-11,2022-05-27,True,
4,WRK,2020-06-11,2022-05-27,512,512,0,0,2020-06-11,2022-05-27,True,
4,XLB,2020-06-11,2022-05-27,512,512,0,0,2020-06-11,2022-05-27,True,
4,XLC,2020-06-11,2022-05-27,512,512,0,0,2020-06-11,2022-05-27,True,
4,XLE,2020-06-11,2022-05-27,512,512,0,0,2020-06-11,2022-05-27,True,
4,XLF,2020-06-11,2022-05-27,512,512,0,0,2020-06-11,2022-05-27,True,
4,XLI,2020-06-11,2022-05-27,512,512,0,0,2020-06-11,2022-05-27,True,
4,XLK,2020-06-11,2022-05-27,512,512,0,0,2020-06-11,2022-05-27,True,
4,XLP,2020-06-11,2022-05-27,512,512,0,0,2020-06-11,2022-05-27,True,
4,XLU,2020-06-11,2022-05-27,512,512,0,0,2020-06-11,2022-05-27,True,
4,XLV,2020-06-11,2022-05-27,512,512,0,0,2020-06-11,2022-05-27,True,
4,XLY,2020-06-11,2022-05-27,512,512,0,0,2020-06-11,2022-05-27,True,
4,XOM,2020-06-11,2022-05-27,512,512,0,0,2020-06-11,2022-05-27,True,
5,ABBV,2020-07-09,2022-06-24,512,512,0,0,2020-07-09,2022-06-24,True,
5,ACN,2020-07-09,2022-06-24,512,512,0,0,2020-07-09,2022-06-24,True,
5,AEP,2020-07-09,2022-06-24,512,512,0,0,2020-07-09,2022-06-24,True,
5,AIZ,2020-07-09,2022-06-24,512,512,0,0,2020-07-09,2022-06-24,True,
5,ALLE,2020-07-09,2022-06-24,512,512,0,0,2020-07-09,2022-06-24,True,
5,AMAT,2020-07-09,2022-06-24,512,512,0,0,2020-07-09,2022-06-24,True,
5,AMP,2020-07-09,2022-06-24,512,512,0,0,2020-07-09,2022-06-24,True,
5,AMZN,2020-07-09,2022-06-24,512,512,0,0,2020-07-09,2022-06-24,True,
5,AVB,2020-07-09,2022-06-24,512,512,0,0,2020-07-09,2022-06-24,True,
5,AVY,2020-07-09,2022-06-24,512,512,0,0,2020-07-09,2022-06-24,True,
5,AXP,2020-07-09,2022-06-24,512,512,0,0,2020-07-09,2022-06-24,True,
5,BDX,2020-07-09,2022-06-24,512,512,0,0,2020-07-09,2022-06-24,True,
5,BF-B,2020-07-09,2022-06-24,512,512,0,0,2020-07-09,2022-06-24,True,
5,BMY,2020-07-09,2022-06-24,512,512,0,0,2020-07-09,2022-06-24,True,
5,BR,2020-07-09,2022-06-24,512,512,0,0,2020-07-09,2022-06-24,True,
5,CARR,2020-07-09,2022-06-24,512,512,0,0,2020-07-09,2022-06-24,True,
5,CDW,2020-07-09,2022-06-24,512,512,0,0,2020-07-09,2022-06-24,True,
5,CE,2020-07-09,2022-06-24,512,512,0,0,2020-07-09,2022-06-24,True,
5,CHTR,2020-07-09,2022-06-24,512,512,0,0,2020-07-09,2022-06-24,True,
5,CNC,2020-07-09,2022-06-24,512,512,0,0,2020-07-09,2022-06-24,True,
5,CNP,2020-07-09,2022-06-24,512,512,0,0,2020-07-09,2022-06-24,True,
5,COP,2020-07-09,2022-06-24,512,512,0,0,2020-07-09,2022-06-24,True,
5,CTAS,2020-07-09,2022-06-24,512,512,0,0,2020-07-09,2022-06-24,True,
5,CZR,2020-07-09,2022-06-24,512,512,0,0,2020-07-09,2022-06-24,True,
5,DG,2020-07-09,2022-06-24,512,512,0,0,2020-07-09,2022-06-24,True,
5,DPZ,2020-07-09,2022-06-24,512,512,0,0,2020-07-09,2022-06-24,True,
5,DRE,2020-07-09,2022-06-24,512,512,0,0,2020-07-09,2022-06-24,True,
5,DXC,2020-07-09,2022-06-24,512,512,0,0,2020-07-09,2022-06-24,True,
5,EWA,2020-07-09,2022-06-24,512,512,0,0,2020-07-09,2022-06-24,True,
5,EWC,2020-07-09,2022-06-24,512,512,0,0,2020-07-09,2022-06-24,True,
5,EWG,2020-07-09,2022-06-24,512,512,0,0,2020-07-09,2022-06-24,True,
5,EWH,2020-07-09,2022-06-24,512,512,0,0,2020-07-09,2022-06-24,True,
5,EWJ,2020-07-09,2022-06-24,512,512,0,0,2020-07-09,2022-06-24,True,
5,EWL,2020-07-09,2022-06-24,512,512,0,0,2020-07-09,2022-06-24,True,
5,EWQ,2020-07-09,2022-06-24,512,512,0,0,2020-07-09,2022-06-24,True,
5,EWT,2020-07-09,2022-06-24,512,512,0,0,2020-07-09,2022-06-24,True,
5,EWU,2020-07-09,2022-06-24,512,512,0,0,2020-07-09,2022-06-24,True,
5,EWY,2020-07-09,2022-06-24,512,512,0,0,2020-07-09,2022-06-24,True,
5,EWZ,2020-07-09,2022-06-24,512,512,0,0,2020-07-09,2022-06-24,True,
5,FTV,2020-07-09,2022-06-24,512,512,0,0,2020-07-09,2022-06-24,True,
5,GOOG,2020-07-09,2022-06-24,512,512,0,0,2020-07-09,2022-06-24,True,
5,GPC,2020-07-09,2022-06-24,512,512,0,0,2020-07-09,2022-06-24,True,
5,GSG,2020-07-09,2022-06-24,512,512,0,0,2020-07-09,2022-06-24,True,
5,HIG,2020-07-09,2022-06-24,512,512,0,0,2020-07-09,2022-06-24,True,
5,HIGH.L,2020-07-09,2022-06-24,512,512,0,0,2020-07-09,2022-06-24,True,
5,HST,2020-07-09,2022-06-24,512,512,0,0,2020-07-09,2022-06-24,True,
5,HYG,2020-07-09,2022-06-24,512,512,0,0,2020-07-09,2022-06-24,True,
5,IAU,2020-07-09,2022-06-24,512,512,0,0,2020-07-09,2022-06-24,True,
5,ICLN,2020-07-09,2022-06-24,512,512,0,0,2020-07-09,2022-06-24,True,
5,IEAA.L,2020-07-09,2022-06-24,512,512,0,0,2020-07-09,2022-06-24,True,
5,IEF,2020-07-09,2022-06-24,512,512,0,0,2020-07-09,2022-06-24,True,
5,IEFM.L,2020-07-09,2022-06-24,512,512,0,0,2020-07-09,2022-06-24,True,
5,IEMG,2020-07-09,2022-06-24,512,512,0,0,2020-07-09,2022-06-24,True,
5,IEUS,2020-07-09,2022-06-24,512,512,0,0,2020-07-09,2022-06-24,True,
5,IEVL.L,2020-07-09,2022-06-24,512,512,0,0,2020-07-09,2022-06-24,True,
5,IGF,2020-07-09,2022-06-24,512,512,0,0,2020-07-09,2022-06-24,True,
5,INDA,2020-07-09,2022-06-24,512,512,0,0,2020-07-09,2022-06-24,True,
5,IUMO.L,2020-07-09,2022-06-24,512,512,0,0,2020-07-09,2022-06-24,True,
5,IUVL.L,2020-07-09,2022-06-24,512,512,0,0,2020-07-09,2022-06-24,True,
5,IVV,2020-07-09,2022-06-24,512,512,0,0,2020-07-09,2022-06-24,True,
5,IWM,2020-07-09,2022-06-24,512,512,0,0,2020-07-09,2022-06-24,True,
5,IXN,2020-07-09,2022-06-24,512,512,0,0,2020-07-09,2022-06-24,True,
5,JPEA.L,2020-07-09,2022-06-24,512,512,0,0,2020-07-09,2022-06-24,True,
5,JPM,2020-07-09,2022-06-24,512,512,0,0,2020-07-09,2022-06-24,True,
5,KR,2020-07-09,2022-06-24,512,512,0,0,2020-07-09,2022-06-24,True,
5,LQD,2020-07-09,2022-06-24,512,512,0,0,2020-07-09,2022-06-24,True,
5,MCHI,2020-07-09,2022-06-24,512,512,0,0,2020-07-09,2022-06-24,True,
5,META,2020-07-09,2022-06-24,512,512,0,0,2020-07-09,2022-06-24,True,
5,MVEU.L,2020-07-09,2022-06-24,512,512,0,0,2020-07-09,2022-06-24,True,
5,OGN,2020-07-09,2022-06-24,512,290,222,222,2021-05-17,2022-06-24,True,"Genuine later inception; leading missing values preserved, no padding."
5,PG,2020-07-09,2022-06-24,512,512,0,0,2020-07-09,2022-06-24,True,
5,PPL,2020-07-09,2022-06-24,512,512,0,0,2020-07-09,2022-06-24,True,
5,PRU,2020-07-09,2022-06-24,512,512,0,0,2020-07-09,2022-06-24,True,
5,PYPL,2020-07-09,2022-06-24,512,512,0,0,2020-07-09,2022-06-24,True,
5,RE,2020-07-09,2022-06-24,512,512,0,0,2020-07-09,2022-06-24,True,
5,REET,2020-07-09,2022-06-24,512,512,0,0,2020-07-09,2022-06-24,True,
5,ROL,2020-07-09,2022-06-24,512,512,0,0,2020-07-09,2022-06-24,True,
5,ROST,2020-07-09,2022-06-24,512,512,0,0,2020-07-09,2022-06-24,True,
5,SEGA.L,2020-07-09,2022-06-24,512,512,0,0,2020-07-09,2022-06-24,True,
5,SHY,2020-07-09,2022-06-24,512,512,0,0,2020-07-09,2022-06-24,True,
5,SLV,2020-07-09,2022-06-24,512,512,0,0,2020-07-09,2022-06-24,True,
5,SPMV.L,2020-07-09,2022-06-24,512,512,0,0,2020-07-09,2022-06-24,True,
5,TLT,2020-07-09,2022-06-24,512,512,0,0,2020-07-09,2022-06-24,True,
5,UNH,2020-07-09,2022-06-24,512,512,0,0,2020-07-09,2022-06-24,True,
5,URI,2020-07-09,2022-06-24,512,512,0,0,2020-07-09,2022-06-24,True,
5,V,2020-07-09,2022-06-24,512,512,0,0,2020-07-09,2022-06-24,True,
5,VRSK,2020-07-09,2022-06-24,512,512,0,0,2020-07-09,2022-06-24,True,
5,VXX,2020-07-09,2022-06-24,512,512,0,0,2020-07-09,2022-06-24,True,
5,WRK,2020-07-09,2022-06-24,512,512,0,0,2020-07-09,2022-06-24,True,
5,XLB,2020-07-09,2022-06-24,512,512,0,0,2020-07-09,2022-06-24,True,
5,XLC,2020-07-09,2022-06-24,512,512,0,0,2020-07-09,2022-06-24,True,
5,XLE,2020-07-09,2022-06-24,512,512,0,0,2020-07-09,2022-06-24,True,
5,XLF,2020-07-09,2022-06-24,512,512,0,0,2020-07-09,2022-06-24,True,
5,XLI,2020-07-09,2022-06-24,512,512,0,0,2020-07-09,2022-06-24,True,
5,XLK,2020-07-09,2022-06-24,512,512,0,0,2020-07-09,2022-06-24,True,
5,XLP,2020-07-09,2022-06-24,512,512,0,0,2020-07-09,2022-06-24,True,
5,XLU,2020-07-09,2022-06-24,512,512,0,0,2020-07-09,2022-06-24,True,
5,XLV,2020-07-09,2022-06-24,512,512,0,0,2020-07-09,2022-06-24,True,
5,XLY,2020-07-09,2022-06-24,512,512,0,0,2020-07-09,2022-06-24,True,
5,XOM,2020-07-09,2022-06-24,512,512,0,0,2020-07-09,2022-06-24,True,
6,ABBV,2020-08-06,2022-07-22,512,512,0,0,2020-08-06,2022-07-22,True,
6,ACN,2020-08-06,2022-07-22,512,512,0,0,2020-08-06,2022-07-22,True,
6,AEP,2020-08-06,2022-07-22,512,512,0,0,2020-08-06,2022-07-22,True,
6,AIZ,2020-08-06,2022-07-22,512,512,0,0,2020-08-06,2022-07-22,True,
6,ALLE,2020-08-06,2022-07-22,512,512,0,0,2020-08-06,2022-07-22,True,
6,AMAT,2020-08-06,2022-07-22,512,512,0,0,2020-08-06,2022-07-22,True,
6,AMP,2020-08-06,2022-07-22,512,512,0,0,2020-08-06,2022-07-22,True,
6,AMZN,2020-08-06,2022-07-22,512,512,0,0,2020-08-06,2022-07-22,True,
6,AVB,2020-08-06,2022-07-22,512,512,0,0,2020-08-06,2022-07-22,True,
6,AVY,2020-08-06,2022-07-22,512,512,0,0,2020-08-06,2022-07-22,True,
6,AXP,2020-08-06,2022-07-22,512,512,0,0,2020-08-06,2022-07-22,True,
6,BDX,2020-08-06,2022-07-22,512,512,0,0,2020-08-06,2022-07-22,True,
6,BF-B,2020-08-06,2022-07-22,512,512,0,0,2020-08-06,2022-07-22,True,
6,BMY,2020-08-06,2022-07-22,512,512,0,0,2020-08-06,2022-07-22,True,
6,BR,2020-08-06,2022-07-22,512,512,0,0,2020-08-06,2022-07-22,True,
6,CARR,2020-08-06,2022-07-22,512,512,0,0,2020-08-06,2022-07-22,True,
6,CDW,2020-08-06,2022-07-22,512,512,0,0,2020-08-06,2022-07-22,True,
6,CE,2020-08-06,2022-07-22,512,512,0,0,2020-08-06,2022-07-22,True,
6,CHTR,2020-08-06,2022-07-22,512,512,0,0,2020-08-06,2022-07-22,True,
6,CNC,2020-08-06,2022-07-22,512,512,0,0,2020-08-06,2022-07-22,True,
6,CNP,2020-08-06,2022-07-22,512,512,0,0,2020-08-06,2022-07-22,True,
6,COP,2020-08-06,2022-07-22,512,512,0,0,2020-08-06,2022-07-22,True,
6,CTAS,2020-08-06,2022-07-22,512,512,0,0,2020-08-06,2022-07-22,True,
6,CZR,2020-08-06,2022-07-22,512,512,0,0,2020-08-06,2022-07-22,True,
6,DG,2020-08-06,2022-07-22,512,512,0,0,2020-08-06,2022-07-22,True,
6,DPZ,2020-08-06,2022-07-22,512,512,0,0,2020-08-06,2022-07-22,True,
6,DRE,2020-08-06,2022-07-22,512,512,0,0,2020-08-06,2022-07-22,True,
6,DXC,2020-08-06,2022-07-22,512,512,0,0,2020-08-06,2022-07-22,True,
6,EWA,2020-08-06,2022-07-22,512,512,0,0,2020-08-06,2022-07-22,True,
6,EWC,2020-08-06,2022-07-22,512,512,0,0,2020-08-06,2022-07-22,True,
6,EWG,2020-08-06,2022-07-22,512,512,0,0,2020-08-06,2022-07-22,True,
6,EWH,2020-08-06,2022-07-22,512,512,0,0,2020-08-06,2022-07-22,True,
6,EWJ,2020-08-06,2022-07-22,512,512,0,0,2020-08-06,2022-07-22,True,
6,EWL,2020-08-06,2022-07-22,512,512,0,0,2020-08-06,2022-07-22,True,
6,EWQ,2020-08-06,2022-07-22,512,512,0,0,2020-08-06,2022-07-22,True,
6,EWT,2020-08-06,2022-07-22,512,512,0,0,2020-08-06,2022-07-22,True,
6,EWU,2020-08-06,2022-07-22,512,512,0,0,2020-08-06,2022-07-22,True,
6,EWY,2020-08-06,2022-07-22,512,512,0,0,2020-08-06,2022-07-22,True,
6,EWZ,2020-08-06,2022-07-22,512,512,0,0,2020-08-06,2022-07-22,True,
6,FTV,2020-08-06,2022-07-22,512,512,0,0,2020-08-06,2022-07-22,True,
6,GOOG,2020-08-06,2022-07-22,512,512,0,0,2020-08-06,2022-07-22,True,
6,GPC,2020-08-06,2022-07-22,512,512,0,0,2020-08-06,2022-07-22,True,
6,GSG,2020-08-06,2022-07-22,512,512,0,0,2020-08-06,2022-07-22,True,
6,HIG,2020-08-06,2022-07-22,512,512,0,0,2020-08-06,2022-07-22,True,
6,HIGH.L,2020-08-06,2022-07-22,512,512,0,0,2020-08-06,2022-07-22,True,
6,HST,2020-08-06,2022-07-22,512,512,0,0,2020-08-06,2022-07-22,True,
6,HYG,2020-08-06,2022-07-22,512,512,0,0,2020-08-06,2022-07-22,True,
6,IAU,2020-08-06,2022-07-22,512,512,0,0,2020-08-06,2022-07-22,True,
6,ICLN,2020-08-06,2022-07-22,512,512,0,0,2020-08-06,2022-07-22,True,
6,IEAA.L,2020-08-06,2022-07-22,512,512,0,0,2020-08-06,2022-07-22,True,
6,IEF,2020-08-06,2022-07-22,512,512,0,0,2020-08-06,2022-07-22,True,
6,IEFM.L,2020-08-06,2022-07-22,512,512,0,0,2020-08-06,2022-07-22,True,
6,IEMG,2020-08-06,2022-07-22,512,512,0,0,2020-08-06,2022-07-22,True,
6,IEUS,2020-08-06,2022-07-22,512,512,0,0,2020-08-06,2022-07-22,True,
6,IEVL.L,2020-08-06,2022-07-22,512,512,0,0,2020-08-06,2022-07-22,True,
6,IGF,2020-08-06,2022-07-22,512,512,0,0,2020-08-06,2022-07-22,True,
6,INDA,2020-08-06,2022-07-22,512,512,0,0,2020-08-06,2022-07-22,True,
6,IUMO.L,2020-08-06,2022-07-22,512,512,0,0,2020-08-06,2022-07-22,True,
6,IUVL.L,2020-08-06,2022-07-22,512,512,0,0,2020-08-06,2022-07-22,True,
6,IVV,2020-08-06,2022-07-22,512,512,0,0,2020-08-06,2022-07-22,True,
6,IWM,2020-08-06,2022-07-22,512,512,0,0,2020-08-06,2022-07-22,True,
6,IXN,2020-08-06,2022-07-22,512,512,0,0,2020-08-06,2022-07-22,True,
6,JPEA.L,2020-08-06,2022-07-22,512,512,0,0,2020-08-06,2022-07-22,True,
6,JPM,2020-08-06,2022-07-22,512,512,0,0,2020-08-06,2022-07-22,True,
6,KR,2020-08-06,2022-07-22,512,512,0,0,2020-08-06,2022-07-22,True,
6,LQD,2020-08-06,2022-07-22,512,512,0,0,2020-08-06,2022-07-22,True,
6,MCHI,2020-08-06,2022-07-22,512,512,0,0,2020-08-06,2022-07-22,True,
6,META,2020-08-06,2022-07-22,512,512,0,0,2020-08-06,2022-07-22,True,
6,MVEU.L,2020-08-06,2022-07-22,512,512,0,0,2020-08-06,2022-07-22,True,
6,OGN,2020-08-06,2022-07-22,512,310,202,202,2021-05-17,2022-07-22,True,"Genuine later inception; leading missing values preserved, no padding."
6,PG,2020-08-06,2022-07-22,512,512,0,0,2020-08-06,2022-07-22,True,
6,PPL,2020-08-06,2022-07-22,512,512,0,0,2020-08-06,2022-07-22,True,
6,PRU,2020-08-06,2022-07-22,512,512,0,0,2020-08-06,2022-07-22,True,
6,PYPL,2020-08-06,2022-07-22,512,512,0,0,2020-08-06,2022-07-22,True,
6,RE,2020-08-06,2022-07-22,512,512,0,0,2020-08-06,2022-07-22,True,
6,REET,2020-08-06,2022-07-22,512,512,0,0,2020-08-06,2022-07-22,True,
6,ROL,2020-08-06,2022-07-22,512,512,0,0,2020-08-06,2022-07-22,True,
6,ROST,2020-08-06,2022-07-22,512,512,0,0,2020-08-06,2022-07-22,True,
6,SEGA.L,2020-08-06,2022-07-22,512,512,0,0,2020-08-06,2022-07-22,True,
6,SHY,2020-08-06,2022-07-22,512,512,0,0,2020-08-06,2022-07-22,True,
6,SLV,2020-08-06,2022-07-22,512,512,0,0,2020-08-06,2022-07-22,True,
6,SPMV.L,2020-08-06,2022-07-22,512,512,0,0,2020-08-06,2022-07-22,True,
6,TLT,2020-08-06,2022-07-22,512,512,0,0,2020-08-06,2022-07-22,True,
6,UNH,2020-08-06,2022-07-22,512,512,0,0,2020-08-06,2022-07-22,True,
6,URI,2020-08-06,2022-07-22,512,512,0,0,2020-08-06,2022-07-22,True,
6,V,2020-08-06,2022-07-22,512,512,0,0,2020-08-06,2022-07-22,True,
6,VRSK,2020-08-06,2022-07-22,512,512,0,0,2020-08-06,2022-07-22,True,
6,VXX,2020-08-06,2022-07-22,512,512,0,0,2020-08-06,2022-07-22,True,
6,WRK,2020-08-06,2022-07-22,512,512,0,0,2020-08-06,2022-07-22,True,
6,XLB,2020-08-06,2022-07-22,512,512,0,0,2020-08-06,2022-07-22,True,
6,XLC,2020-08-06,2022-07-22,512,512,0,0,2020-08-06,2022-07-22,True,
6,XLE,2020-08-06,2022-07-22,512,512,0,0,2020-08-06,2022-07-22,True,
6,XLF,2020-08-06,2022-07-22,512,512,0,0,2020-08-06,2022-07-22,True,
6,XLI,2020-08-06,2022-07-22,512,512,0,0,2020-08-06,2022-07-22,True,
6,XLK,2020-08-06,2022-07-22,512,512,0,0,2020-08-06,2022-07-22,True,
6,XLP,2020-08-06,2022-07-22,512,512,0,0,2020-08-06,2022-07-22,True,
6,XLU,2020-08-06,2022-07-22,512,512,0,0,2020-08-06,2022-07-22,True,
6,XLV,2020-08-06,2022-07-22,512,512,0,0,2020-08-06,2022-07-22,True,
6,XLY,2020-08-06,2022-07-22,512,512,0,0,2020-08-06,2022-07-22,True,
6,XOM,2020-08-06,2022-07-22,512,512,0,0,2020-08-06,2022-07-22,True,
7,ABBV,2020-09-03,2022-08-19,512,512,0,0,2020-09-03,2022-08-19,True,
7,ACN,2020-09-03,2022-08-19,512,512,0,0,2020-09-03,2022-08-19,True,
7,AEP,2020-09-03,2022-08-19,512,512,0,0,2020-09-03,2022-08-19,True,
7,AIZ,2020-09-03,2022-08-19,512,512,0,0,2020-09-03,2022-08-19,True,
7,ALLE,2020-09-03,2022-08-19,512,512,0,0,2020-09-03,2022-08-19,True,
7,AMAT,2020-09-03,2022-08-19,512,512,0,0,2020-09-03,2022-08-19,True,
7,AMP,2020-09-03,2022-08-19,512,512,0,0,2020-09-03,2022-08-19,True,
7,AMZN,2020-09-03,2022-08-19,512,512,0,0,2020-09-03,2022-08-19,True,
7,AVB,2020-09-03,2022-08-19,512,512,0,0,2020-09-03,2022-08-19,True,
7,AVY,2020-09-03,2022-08-19,512,512,0,0,2020-09-03,2022-08-19,True,
7,AXP,2020-09-03,2022-08-19,512,512,0,0,2020-09-03,2022-08-19,True,
7,BDX,2020-09-03,2022-08-19,512,512,0,0,2020-09-03,2022-08-19,True,
7,BF-B,2020-09-03,2022-08-19,512,512,0,0,2020-09-03,2022-08-19,True,
7,BMY,2020-09-03,2022-08-19,512,512,0,0,2020-09-03,2022-08-19,True,
7,BR,2020-09-03,2022-08-19,512,512,0,0,2020-09-03,2022-08-19,True,
7,CARR,2020-09-03,2022-08-19,512,512,0,0,2020-09-03,2022-08-19,True,
7,CDW,2020-09-03,2022-08-19,512,512,0,0,2020-09-03,2022-08-19,True,
7,CE,2020-09-03,2022-08-19,512,512,0,0,2020-09-03,2022-08-19,True,
7,CHTR,2020-09-03,2022-08-19,512,512,0,0,2020-09-03,2022-08-19,True,
7,CNC,2020-09-03,2022-08-19,512,512,0,0,2020-09-03,2022-08-19,True,
7,CNP,2020-09-03,2022-08-19,512,512,0,0,2020-09-03,2022-08-19,True,
7,COP,2020-09-03,2022-08-19,512,512,0,0,2020-09-03,2022-08-19,True,
7,CTAS,2020-09-03,2022-08-19,512,512,0,0,2020-09-03,2022-08-19,True,
7,CZR,2020-09-03,2022-08-19,512,512,0,0,2020-09-03,2022-08-19,True,
7,DG,2020-09-03,2022-08-19,512,512,0,0,2020-09-03,2022-08-19,True,
7,DPZ,2020-09-03,2022-08-19,512,512,0,0,2020-09-03,2022-08-19,True,
7,DRE,2020-09-03,2022-08-19,512,512,0,0,2020-09-03,2022-08-19,True,
7,DXC,2020-09-03,2022-08-19,512,512,0,0,2020-09-03,2022-08-19,True,
7,EWA,2020-09-03,2022-08-19,512,512,0,0,2020-09-03,2022-08-19,True,
7,EWC,2020-09-03,2022-08-19,512,512,0,0,2020-09-03,2022-08-19,True,
7,EWG,2020-09-03,2022-08-19,512,512,0,0,2020-09-03,2022-08-19,True,
7,EWH,2020-09-03,2022-08-19,512,512,0,0,2020-09-03,2022-08-19,True,
7,EWJ,2020-09-03,2022-08-19,512,512,0,0,2020-09-03,2022-08-19,True,
7,EWL,2020-09-03,2022-08-19,512,512,0,0,2020-09-03,2022-08-19,True,
7,EWQ,2020-09-03,2022-08-19,512,512,0,0,2020-09-03,2022-08-19,True,
7,EWT,2020-09-03,2022-08-19,512,512,0,0,2020-09-03,2022-08-19,True,
7,EWU,2020-09-03,2022-08-19,512,512,0,0,2020-09-03,2022-08-19,True,
7,EWY,2020-09-03,2022-08-19,512,512,0,0,2020-09-03,2022-08-19,True,
7,EWZ,2020-09-03,2022-08-19,512,512,0,0,2020-09-03,2022-08-19,True,
7,FTV,2020-09-03,2022-08-19,512,512,0,0,2020-09-03,2022-08-19,True,
7,GOOG,2020-09-03,2022-08-19,512,512,0,0,2020-09-03,2022-08-19,True,
7,GPC,2020-09-03,2022-08-19,512,512,0,0,2020-09-03,2022-08-19,True,
7,GSG,2020-09-03,2022-08-19,512,512,0,0,2020-09-03,2022-08-19,True,
7,HIG,2020-09-03,2022-08-19,512,512,0,0,2020-09-03,2022-08-19,True,
7,HIGH.L,2020-09-03,2022-08-19,512,512,0,0,2020-09-03,2022-08-19,True,
7,HST,2020-09-03,2022-08-19,512,512,0,0,2020-09-03,2022-08-19,True,
7,HYG,2020-09-03,2022-08-19,512,512,0,0,2020-09-03,2022-08-19,True,
7,IAU,2020-09-03,2022-08-19,512,512,0,0,2020-09-03,2022-08-19,True,
7,ICLN,2020-09-03,2022-08-19,512,512,0,0,2020-09-03,2022-08-19,True,
7,IEAA.L,2020-09-03,2022-08-19,512,512,0,0,2020-09-03,2022-08-19,True,
7,IEF,2020-09-03,2022-08-19,512,512,0,0,2020-09-03,2022-08-19,True,
7,IEFM.L,2020-09-03,2022-08-19,512,512,0,0,2020-09-03,2022-08-19,True,
7,IEMG,2020-09-03,2022-08-19,512,512,0,0,2020-09-03,2022-08-19,True,
7,IEUS,2020-09-03,2022-08-19,512,512,0,0,2020-09-03,2022-08-19,True,
7,IEVL.L,2020-09-03,2022-08-19,512,512,0,0,2020-09-03,2022-08-19,True,
7,IGF,2020-09-03,2022-08-19,512,512,0,0,2020-09-03,2022-08-19,True,
7,INDA,2020-09-03,2022-08-19,512,512,0,0,2020-09-03,2022-08-19,True,
7,IUMO.L,2020-09-03,2022-08-19,512,512,0,0,2020-09-03,2022-08-19,True,
7,IUVL.L,2020-09-03,2022-08-19,512,512,0,0,2020-09-03,2022-08-19,True,
7,IVV,2020-09-03,2022-08-19,512,512,0,0,2020-09-03,2022-08-19,True,
7,IWM,2020-09-03,2022-08-19,512,512,0,0,2020-09-03,2022-08-19,True,
7,IXN,2020-09-03,2022-08-19,512,512,0,0,2020-09-03,2022-08-19,True,
7,JPEA.L,2020-09-03,2022-08-19,512,512,0,0,2020-09-03,2022-08-19,True,
7,JPM,2020-09-03,2022-08-19,512,512,0,0,2020-09-03,2022-08-19,True,
7,KR,2020-09-03,2022-08-19,512,512,0,0,2020-09-03,2022-08-19,True,
7,LQD,2020-09-03,2022-08-19,512,512,0,0,2020-09-03,2022-08-19,True,
7,MCHI,2020-09-03,2022-08-19,512,512,0,0,2020-09-03,2022-08-19,True,
7,META,2020-09-03,2022-08-19,512,512,0,0,2020-09-03,2022-08-19,True,
7,MVEU.L,2020-09-03,2022-08-19,512,512,0,0,2020-09-03,2022-08-19,True,
7,OGN,2020-09-03,2022-08-19,512,330,182,182,2021-05-17,2022-08-19,True,"Genuine later inception; leading missing values preserved, no padding."
7,PG,2020-09-03,2022-08-19,512,512,0,0,2020-09-03,2022-08-19,True,
7,PPL,2020-09-03,2022-08-19,512,512,0,0,2020-09-03,2022-08-19,True,
7,PRU,2020-09-03,2022-08-19,512,512,0,0,2020-09-03,2022-08-19,True,
7,PYPL,2020-09-03,2022-08-19,512,512,0,0,2020-09-03,2022-08-19,True,
7,RE,2020-09-03,2022-08-19,512,512,0,0,2020-09-03,2022-08-19,True,
7,REET,2020-09-03,2022-08-19,512,512,0,0,2020-09-03,2022-08-19,True,
7,ROL,2020-09-03,2022-08-19,512,512,0,0,2020-09-03,2022-08-19,True,
7,ROST,2020-09-03,2022-08-19,512,512,0,0,2020-09-03,2022-08-19,True,
7,SEGA.L,2020-09-03,2022-08-19,512,512,0,0,2020-09-03,2022-08-19,True,
7,SHY,2020-09-03,2022-08-19,512,512,0,0,2020-09-03,2022-08-19,True,
7,SLV,2020-09-03,2022-08-19,512,512,0,0,2020-09-03,2022-08-19,True,
7,SPMV.L,2020-09-03,2022-08-19,512,512,0,0,2020-09-03,2022-08-19,True,
7,TLT,2020-09-03,2022-08-19,512,512,0,0,2020-09-03,2022-08-19,True,
7,UNH,2020-09-03,2022-08-19,512,512,0,0,2020-09-03,2022-08-19,True,
7,URI,2020-09-03,2022-08-19,512,512,0,0,2020-09-03,2022-08-19,True,
7,V,2020-09-03,2022-08-19,512,512,0,0,2020-09-03,2022-08-19,True,
7,VRSK,2020-09-03,2022-08-19,512,512,0,0,2020-09-03,2022-08-19,True,
7,VXX,2020-09-03,2022-08-19,512,512,0,0,2020-09-03,2022-08-19,True,
7,WRK,2020-09-03,2022-08-19,512,512,0,0,2020-09-03,2022-08-19,True,
7,XLB,2020-09-03,2022-08-19,512,512,0,0,2020-09-03,2022-08-19,True,
7,XLC,2020-09-03,2022-08-19,512,512,0,0,2020-09-03,2022-08-19,True,
7,XLE,2020-09-03,2022-08-19,512,512,0,0,2020-09-03,2022-08-19,True,
7,XLF,2020-09-03,2022-08-19,512,512,0,0,2020-09-03,2022-08-19,True,
7,XLI,2020-09-03,2022-08-19,512,512,0,0,2020-09-03,2022-08-19,True,
7,XLK,2020-09-03,2022-08-19,512,512,0,0,2020-09-03,2022-08-19,True,
7,XLP,2020-09-03,2022-08-19,512,512,0,0,2020-09-03,2022-08-19,True,
7,XLU,2020-09-03,2022-08-19,512,512,0,0,2020-09-03,2022-08-19,True,
7,XLV,2020-09-03,2022-08-19,512,512,0,0,2020-09-03,2022-08-19,True,
7,XLY,2020-09-03,2022-08-19,512,512,0,0,2020-09-03,2022-08-19,True,
7,XOM,2020-09-03,2022-08-19,512,512,0,0,2020-09-03,2022-08-19,True,
8,ABBV,2020-10-01,2022-09-16,512,512,0,0,2020-10-01,2022-09-16,True,
8,ACN,2020-10-01,2022-09-16,512,512,0,0,2020-10-01,2022-09-16,True,
8,AEP,2020-10-01,2022-09-16,512,512,0,0,2020-10-01,2022-09-16,True,
8,AIZ,2020-10-01,2022-09-16,512,512,0,0,2020-10-01,2022-09-16,True,
8,ALLE,2020-10-01,2022-09-16,512,512,0,0,2020-10-01,2022-09-16,True,
8,AMAT,2020-10-01,2022-09-16,512,512,0,0,2020-10-01,2022-09-16,True,
8,AMP,2020-10-01,2022-09-16,512,512,0,0,2020-10-01,2022-09-16,True,
8,AMZN,2020-10-01,2022-09-16,512,512,0,0,2020-10-01,2022-09-16,True,
8,AVB,2020-10-01,2022-09-16,512,512,0,0,2020-10-01,2022-09-16,True,
8,AVY,2020-10-01,2022-09-16,512,512,0,0,2020-10-01,2022-09-16,True,
8,AXP,2020-10-01,2022-09-16,512,512,0,0,2020-10-01,2022-09-16,True,
8,BDX,2020-10-01,2022-09-16,512,512,0,0,2020-10-01,2022-09-16,True,
8,BF-B,2020-10-01,2022-09-16,512,512,0,0,2020-10-01,2022-09-16,True,
8,BMY,2020-10-01,2022-09-16,512,512,0,0,2020-10-01,2022-09-16,True,
8,BR,2020-10-01,2022-09-16,512,512,0,0,2020-10-01,2022-09-16,True,
8,CARR,2020-10-01,2022-09-16,512,512,0,0,2020-10-01,2022-09-16,True,
8,CDW,2020-10-01,2022-09-16,512,512,0,0,2020-10-01,2022-09-16,True,
8,CE,2020-10-01,2022-09-16,512,512,0,0,2020-10-01,2022-09-16,True,
8,CHTR,2020-10-01,2022-09-16,512,512,0,0,2020-10-01,2022-09-16,True,
8,CNC,2020-10-01,2022-09-16,512,512,0,0,2020-10-01,2022-09-16,True,
8,CNP,2020-10-01,2022-09-16,512,512,0,0,2020-10-01,2022-09-16,True,
8,COP,2020-10-01,2022-09-16,512,512,0,0,2020-10-01,2022-09-16,True,
8,CTAS,2020-10-01,2022-09-16,512,512,0,0,2020-10-01,2022-09-16,True,
8,CZR,2020-10-01,2022-09-16,512,512,0,0,2020-10-01,2022-09-16,True,
8,DG,2020-10-01,2022-09-16,512,512,0,0,2020-10-01,2022-09-16,True,
8,DPZ,2020-10-01,2022-09-16,512,512,0,0,2020-10-01,2022-09-16,True,
8,DRE,2020-10-01,2022-09-16,512,512,0,0,2020-10-01,2022-09-16,True,
8,DXC,2020-10-01,2022-09-16,512,512,0,0,2020-10-01,2022-09-16,True,
8,EWA,2020-10-01,2022-09-16,512,512,0,0,2020-10-01,2022-09-16,True,
8,EWC,2020-10-01,2022-09-16,512,512,0,0,2020-10-01,2022-09-16,True,
8,EWG,2020-10-01,2022-09-16,512,512,0,0,2020-10-01,2022-09-16,True,
8,EWH,2020-10-01,2022-09-16,512,512,0,0,2020-10-01,2022-09-16,True,
8,EWJ,2020-10-01,2022-09-16,512,512,0,0,2020-10-01,2022-09-16,True,
8,EWL,2020-10-01,2022-09-16,512,512,0,0,2020-10-01,2022-09-16,True,
8,EWQ,2020-10-01,2022-09-16,512,512,0,0,2020-10-01,2022-09-16,True,
8,EWT,2020-10-01,2022-09-16,512,512,0,0,2020-10-01,2022-09-16,True,
8,EWU,2020-10-01,2022-09-16,512,512,0,0,2020-10-01,2022-09-16,True,
8,EWY,2020-10-01,2022-09-16,512,512,0,0,2020-10-01,2022-09-16,True,
8,EWZ,2020-10-01,2022-09-16,512,512,0,0,2020-10-01,2022-09-16,True,
8,FTV,2020-10-01,2022-09-16,512,512,0,0,2020-10-01,2022-09-16,True,
8,GOOG,2020-10-01,2022-09-16,512,512,0,0,2020-10-01,2022-09-16,True,
8,GPC,2020-10-01,2022-09-16,512,512,0,0,2020-10-01,2022-09-16,True,
8,GSG,2020-10-01,2022-09-16,512,512,0,0,2020-10-01,2022-09-16,True,
8,HIG,2020-10-01,2022-09-16,512,512,0,0,2020-10-01,2022-09-16,True,
8,HIGH.L,2020-10-01,2022-09-16,512,512,0,0,2020-10-01,2022-09-16,True,
8,HST,2020-10-01,2022-09-16,512,512,0,0,2020-10-01,2022-09-16,True,
8,HYG,2020-10-01,2022-09-16,512,512,0,0,2020-10-01,2022-09-16,True,
8,IAU,2020-10-01,2022-09-16,512,512,0,0,2020-10-01,2022-09-16,True,
8,ICLN,2020-10-01,2022-09-16,512,512,0,0,2020-10-01,2022-09-16,True,
8,IEAA.L,2020-10-01,2022-09-16,512,512,0,0,2020-10-01,2022-09-16,True,
8,IEF,2020-10-01,2022-09-16,512,512,0,0,2020-10-01,2022-09-16,True,
8,IEFM.L,2020-10-01,2022-09-16,512,512,0,0,2020-10-01,2022-09-16,True,
8,IEMG,2020-10-01,2022-09-16,512,512,0,0,2020-10-01,2022-09-16,True,
8,IEUS,2020-10-01,2022-09-16,512,512,0,0,2020-10-01,2022-09-16,True,
8,IEVL.L,2020-10-01,2022-09-16,512,512,0,0,2020-10-01,2022-09-16,True,
8,IGF,2020-10-01,2022-09-16,512,512,0,0,2020-10-01,2022-09-16,True,
8,INDA,2020-10-01,2022-09-16,512,512,0,0,2020-10-01,2022-09-16,True,
8,IUMO.L,2020-10-01,2022-09-16,512,512,0,0,2020-10-01,2022-09-16,True,
8,IUVL.L,2020-10-01,2022-09-16,512,512,0,0,2020-10-01,2022-09-16,True,
8,IVV,2020-10-01,2022-09-16,512,512,0,0,2020-10-01,2022-09-16,True,
8,IWM,2020-10-01,2022-09-16,512,512,0,0,2020-10-01,2022-09-16,True,
8,IXN,2020-10-01,2022-09-16,512,512,0,0,2020-10-01,2022-09-16,True,
8,JPEA.L,2020-10-01,2022-09-16,512,512,0,0,2020-10-01,2022-09-16,True,
8,JPM,2020-10-01,2022-09-16,512,512,0,0,2020-10-01,2022-09-16,True,
8,KR,2020-10-01,2022-09-16,512,512,0,0,2020-10-01,2022-09-16,True,
8,LQD,2020-10-01,2022-09-16,512,512,0,0,2020-10-01,2022-09-16,True,
8,MCHI,2020-10-01,2022-09-16,512,512,0,0,2020-10-01,2022-09-16,True,
8,META,2020-10-01,2022-09-16,512,512,0,0,2020-10-01,2022-09-16,True,
8,MVEU.L,2020-10-01,2022-09-16,512,512,0,0,2020-10-01,2022-09-16,True,
8,OGN,2020-10-01,2022-09-16,512,350,162,162,2021-05-17,2022-09-16,True,"Genuine later inception; leading missing values preserved, no padding."
8,PG,2020-10-01,2022-09-16,512,512,0,0,2020-10-01,2022-09-16,True,
8,PPL,2020-10-01,2022-09-16,512,512,0,0,2020-10-01,2022-09-16,True,
8,PRU,2020-10-01,2022-09-16,512,512,0,0,2020-10-01,2022-09-16,True,
8,PYPL,2020-10-01,2022-09-16,512,512,0,0,2020-10-01,2022-09-16,True,
8,RE,2020-10-01,2022-09-16,512,512,0,0,2020-10-01,2022-09-16,True,
8,REET,2020-10-01,2022-09-16,512,512,0,0,2020-10-01,2022-09-16,True,
8,ROL,2020-10-01,2022-09-16,512,512,0,0,2020-10-01,2022-09-16,True,
8,ROST,2020-10-01,2022-09-16,512,512,0,0,2020-10-01,2022-09-16,True,
8,SEGA.L,2020-10-01,2022-09-16,512,512,0,0,2020-10-01,2022-09-16,True,
8,SHY,2020-10-01,2022-09-16,512,512,0,0,2020-10-01,2022-09-16,True,
8,SLV,2020-10-01,2022-09-16,512,512,0,0,2020-10-01,2022-09-16,True,
8,SPMV.L,2020-10-01,2022-09-16,512,512,0,0,2020-10-01,2022-09-16,True,
8,TLT,2020-10-01,2022-09-16,512,512,0,0,2020-10-01,2022-09-16,True,
8,UNH,2020-10-01,2022-09-16,512,512,0,0,2020-10-01,2022-09-16,True,
8,URI,2020-10-01,2022-09-16,512,512,0,0,2020-10-01,2022-09-16,True,
8,V,2020-10-01,2022-09-16,512,512,0,0,2020-10-01,2022-09-16,True,
8,VRSK,2020-10-01,2022-09-16,512,512,0,0,2020-10-01,2022-09-16,True,
8,VXX,2020-10-01,2022-09-16,512,512,0,0,2020-10-01,2022-09-16,True,
8,WRK,2020-10-01,2022-09-16,512,512,0,0,2020-10-01,2022-09-16,True,
8,XLB,2020-10-01,2022-09-16,512,512,0,0,2020-10-01,2022-09-16,True,
8,XLC,2020-10-01,2022-09-16,512,512,0,0,2020-10-01,2022-09-16,True,
8,XLE,2020-10-01,2022-09-16,512,512,0,0,2020-10-01,2022-09-16,True,
8,XLF,2020-10-01,2022-09-16,512,512,0,0,2020-10-01,2022-09-16,True,
8,XLI,2020-10-01,2022-09-16,512,512,0,0,2020-10-01,2022-09-16,True,
8,XLK,2020-10-01,2022-09-16,512,512,0,0,2020-10-01,2022-09-16,True,
8,XLP,2020-10-01,2022-09-16,512,512,0,0,2020-10-01,2022-09-16,True,
8,XLU,2020-10-01,2022-09-16,512,512,0,0,2020-10-01,2022-09-16,True,
8,XLV,2020-10-01,2022-09-16,512,512,0,0,2020-10-01,2022-09-16,True,
8,XLY,2020-10-01,2022-09-16,512,512,0,0,2020-10-01,2022-09-16,True,
8,XOM,2020-10-01,2022-09-16,512,512,0,0,2020-10-01,2022-09-16,True,
9,ABBV,2020-10-29,2022-10-14,512,512,0,0,2020-10-29,2022-10-14,True,
9,ACN,2020-10-29,2022-10-14,512,512,0,0,2020-10-29,2022-10-14,True,
9,AEP,2020-10-29,2022-10-14,512,512,0,0,2020-10-29,2022-10-14,True,
9,AIZ,2020-10-29,2022-10-14,512,512,0,0,2020-10-29,2022-10-14,True,
9,ALLE,2020-10-29,2022-10-14,512,512,0,0,2020-10-29,2022-10-14,True,
9,AMAT,2020-10-29,2022-10-14,512,512,0,0,2020-10-29,2022-10-14,True,
9,AMP,2020-10-29,2022-10-14,512,512,0,0,2020-10-29,2022-10-14,True,
9,AMZN,2020-10-29,2022-10-14,512,512,0,0,2020-10-29,2022-10-14,True,
9,AVB,2020-10-29,2022-10-14,512,512,0,0,2020-10-29,2022-10-14,True,
9,AVY,2020-10-29,2022-10-14,512,512,0,0,2020-10-29,2022-10-14,True,
9,AXP,2020-10-29,2022-10-14,512,512,0,0,2020-10-29,2022-10-14,True,
9,BDX,2020-10-29,2022-10-14,512,512,0,0,2020-10-29,2022-10-14,True,
9,BF-B,2020-10-29,2022-10-14,512,512,0,0,2020-10-29,2022-10-14,True,
9,BMY,2020-10-29,2022-10-14,512,512,0,0,2020-10-29,2022-10-14,True,
9,BR,2020-10-29,2022-10-14,512,512,0,0,2020-10-29,2022-10-14,True,
9,CARR,2020-10-29,2022-10-14,512,512,0,0,2020-10-29,2022-10-14,True,
9,CDW,2020-10-29,2022-10-14,512,512,0,0,2020-10-29,2022-10-14,True,
9,CE,2020-10-29,2022-10-14,512,512,0,0,2020-10-29,2022-10-14,True,
9,CHTR,2020-10-29,2022-10-14,512,512,0,0,2020-10-29,2022-10-14,True,
9,CNC,2020-10-29,2022-10-14,512,512,0,0,2020-10-29,2022-10-14,True,
9,CNP,2020-10-29,2022-10-14,512,512,0,0,2020-10-29,2022-10-14,True,
9,COP,2020-10-29,2022-10-14,512,512,0,0,2020-10-29,2022-10-14,True,
9,CTAS,2020-10-29,2022-10-14,512,512,0,0,2020-10-29,2022-10-14,True,
9,CZR,2020-10-29,2022-10-14,512,512,0,0,2020-10-29,2022-10-14,True,
9,DG,2020-10-29,2022-10-14,512,512,0,0,2020-10-29,2022-10-14,True,
9,DPZ,2020-10-29,2022-10-14,512,512,0,0,2020-10-29,2022-10-14,True,
9,DRE,2020-10-29,2022-10-14,512,512,0,0,2020-10-29,2022-10-14,True,"Context includes post-acquisition period; returns after 2022-10-03 are exactly zero (Stage 2 treatment, unchanged)."
9,DXC,2020-10-29,2022-10-14,512,512,0,0,2020-10-29,2022-10-14,True,
9,EWA,2020-10-29,2022-10-14,512,512,0,0,2020-10-29,2022-10-14,True,
9,EWC,2020-10-29,2022-10-14,512,512,0,0,2020-10-29,2022-10-14,True,
9,EWG,2020-10-29,2022-10-14,512,512,0,0,2020-10-29,2022-10-14,True,
9,EWH,2020-10-29,2022-10-14,512,512,0,0,2020-10-29,2022-10-14,True,
9,EWJ,2020-10-29,2022-10-14,512,512,0,0,2020-10-29,2022-10-14,True,
9,EWL,2020-10-29,2022-10-14,512,512,0,0,2020-10-29,2022-10-14,True,
9,EWQ,2020-10-29,2022-10-14,512,512,0,0,2020-10-29,2022-10-14,True,
9,EWT,2020-10-29,2022-10-14,512,512,0,0,2020-10-29,2022-10-14,True,
9,EWU,2020-10-29,2022-10-14,512,512,0,0,2020-10-29,2022-10-14,True,
9,EWY,2020-10-29,2022-10-14,512,512,0,0,2020-10-29,2022-10-14,True,
9,EWZ,2020-10-29,2022-10-14,512,512,0,0,2020-10-29,2022-10-14,True,
9,FTV,2020-10-29,2022-10-14,512,512,0,0,2020-10-29,2022-10-14,True,
9,GOOG,2020-10-29,2022-10-14,512,512,0,0,2020-10-29,2022-10-14,True,
9,GPC,2020-10-29,2022-10-14,512,512,0,0,2020-10-29,2022-10-14,True,
9,GSG,2020-10-29,2022-10-14,512,512,0,0,2020-10-29,2022-10-14,True,
9,HIG,2020-10-29,2022-10-14,512,512,0,0,2020-10-29,2022-10-14,True,
9,HIGH.L,2020-10-29,2022-10-14,512,512,0,0,2020-10-29,2022-10-14,True,
9,HST,2020-10-29,2022-10-14,512,512,0,0,2020-10-29,2022-10-14,True,
9,HYG,2020-10-29,2022-10-14,512,512,0,0,2020-10-29,2022-10-14,True,
9,IAU,2020-10-29,2022-10-14,512,512,0,0,2020-10-29,2022-10-14,True,
9,ICLN,2020-10-29,2022-10-14,512,512,0,0,2020-10-29,2022-10-14,True,
9,IEAA.L,2020-10-29,2022-10-14,512,512,0,0,2020-10-29,2022-10-14,True,
9,IEF,2020-10-29,2022-10-14,512,512,0,0,2020-10-29,2022-10-14,True,
9,IEFM.L,2020-10-29,2022-10-14,512,512,0,0,2020-10-29,2022-10-14,True,
9,IEMG,2020-10-29,2022-10-14,512,512,0,0,2020-10-29,2022-10-14,True,
9,IEUS,2020-10-29,2022-10-14,512,512,0,0,2020-10-29,2022-10-14,True,
9,IEVL.L,2020-10-29,2022-10-14,512,512,0,0,2020-10-29,2022-10-14,True,
9,IGF,2020-10-29,2022-10-14,512,512,0,0,2020-10-29,2022-10-14,True,
9,INDA,2020-10-29,2022-10-14,512,512,0,0,2020-10-29,2022-10-14,True,
9,IUMO.L,2020-10-29,2022-10-14,512,512,0,0,2020-10-29,2022-10-14,True,
9,IUVL.L,2020-10-29,2022-10-14,512,512,0,0,2020-10-29,2022-10-14,True,
9,IVV,2020-10-29,2022-10-14,512,512,0,0,2020-10-29,2022-10-14,True,
9,IWM,2020-10-29,2022-10-14,512,512,0,0,2020-10-29,2022-10-14,True,
9,IXN,2020-10-29,2022-10-14,512,512,0,0,2020-10-29,2022-10-14,True,
9,JPEA.L,2020-10-29,2022-10-14,512,512,0,0,2020-10-29,2022-10-14,True,
9,JPM,2020-10-29,2022-10-14,512,512,0,0,2020-10-29,2022-10-14,True,
9,KR,2020-10-29,2022-10-14,512,512,0,0,2020-10-29,2022-10-14,True,
9,LQD,2020-10-29,2022-10-14,512,512,0,0,2020-10-29,2022-10-14,True,
9,MCHI,2020-10-29,2022-10-14,512,512,0,0,2020-10-29,2022-10-14,True,
9,META,2020-10-29,2022-10-14,512,512,0,0,2020-10-29,2022-10-14,True,
9,MVEU.L,2020-10-29,2022-10-14,512,512,0,0,2020-10-29,2022-10-14,True,
9,OGN,2020-10-29,2022-10-14,512,370,142,142,2021-05-17,2022-10-14,True,"Genuine later inception; leading missing values preserved, no padding."
9,PG,2020-10-29,2022-10-14,512,512,0,0,2020-10-29,2022-10-14,True,
9,PPL,2020-10-29,2022-10-14,512,512,0,0,2020-10-29,2022-10-14,True,
9,PRU,2020-10-29,2022-10-14,512,512,0,0,2020-10-29,2022-10-14,True,
9,PYPL,2020-10-29,2022-10-14,512,512,0,0,2020-10-29,2022-10-14,True,
9,RE,2020-10-29,2022-10-14,512,512,0,0,2020-10-29,2022-10-14,True,
9,REET,2020-10-29,2022-10-14,512,512,0,0,2020-10-29,2022-10-14,True,
9,ROL,2020-10-29,2022-10-14,512,512,0,0,2020-10-29,2022-10-14,True,
9,ROST,2020-10-29,2022-10-14,512,512,0,0,2020-10-29,2022-10-14,True,
9,SEGA.L,2020-10-29,2022-10-14,512,512,0,0,2020-10-29,2022-10-14,True,
9,SHY,2020-10-29,2022-10-14,512,512,0,0,2020-10-29,2022-10-14,True,
9,SLV,2020-10-29,2022-10-14,512,512,0,0,2020-10-29,2022-10-14,True,
9,SPMV.L,2020-10-29,2022-10-14,512,512,0,0,2020-10-29,2022-10-14,True,
9,TLT,2020-10-29,2022-10-14,512,512,0,0,2020-10-29,2022-10-14,True,
9,UNH,2020-10-29,2022-10-14,512,512,0,0,2020-10-29,2022-10-14,True,
9,URI,2020-10-29,2022-10-14,512,512,0,0,2020-10-29,2022-10-14,True,
9,V,2020-10-29,2022-10-14,512,512,0,0,2020-10-29,2022-10-14,True,
9,VRSK,2020-10-29,2022-10-14,512,512,0,0,2020-10-29,2022-10-14,True,
9,VXX,2020-10-29,2022-10-14,512,512,0,0,2020-10-29,2022-10-14,True,
9,WRK,2020-10-29,2022-10-14,512,512,0,0,2020-10-29,2022-10-14,True,
9,XLB,2020-10-29,2022-10-14,512,512,0,0,2020-10-29,2022-10-14,True,
9,XLC,2020-10-29,2022-10-14,512,512,0,0,2020-10-29,2022-10-14,True,
9,XLE,2020-10-29,2022-10-14,512,512,0,0,2020-10-29,2022-10-14,True,
9,XLF,2020-10-29,2022-10-14,512,512,0,0,2020-10-29,2022-10-14,True,
9,XLI,2020-10-29,2022-10-14,512,512,0,0,2020-10-29,2022-10-14,True,
9,XLK,2020-10-29,2022-10-14,512,512,0,0,2020-10-29,2022-10-14,True,
9,XLP,2020-10-29,2022-10-14,512,512,0,0,2020-10-29,2022-10-14,True,
9,XLU,2020-10-29,2022-10-14,512,512,0,0,2020-10-29,2022-10-14,True,
9,XLV,2020-10-29,2022-10-14,512,512,0,0,2020-10-29,2022-10-14,True,
9,XLY,2020-10-29,2022-10-14,512,512,0,0,2020-10-29,2022-10-14,True,
9,XOM,2020-10-29,2022-10-14,512,512,0,0,2020-10-29,2022-10-14,True,
10,ABBV,2020-11-26,2022-11-11,512,512,0,0,2020-11-26,2022-11-11,True,
10,ACN,2020-11-26,2022-11-11,512,512,0,0,2020-11-26,2022-11-11,True,
10,AEP,2020-11-26,2022-11-11,512,512,0,0,2020-11-26,2022-11-11,True,
10,AIZ,2020-11-26,2022-11-11,512,512,0,0,2020-11-26,2022-11-11,True,
10,ALLE,2020-11-26,2022-11-11,512,512,0,0,2020-11-26,2022-11-11,True,
10,AMAT,2020-11-26,2022-11-11,512,512,0,0,2020-11-26,2022-11-11,True,
10,AMP,2020-11-26,2022-11-11,512,512,0,0,2020-11-26,2022-11-11,True,
10,AMZN,2020-11-26,2022-11-11,512,512,0,0,2020-11-26,2022-11-11,True,
10,AVB,2020-11-26,2022-11-11,512,512,0,0,2020-11-26,2022-11-11,True,
10,AVY,2020-11-26,2022-11-11,512,512,0,0,2020-11-26,2022-11-11,True,
10,AXP,2020-11-26,2022-11-11,512,512,0,0,2020-11-26,2022-11-11,True,
10,BDX,2020-11-26,2022-11-11,512,512,0,0,2020-11-26,2022-11-11,True,
10,BF-B,2020-11-26,2022-11-11,512,512,0,0,2020-11-26,2022-11-11,True,
10,BMY,2020-11-26,2022-11-11,512,512,0,0,2020-11-26,2022-11-11,True,
10,BR,2020-11-26,2022-11-11,512,512,0,0,2020-11-26,2022-11-11,True,
10,CARR,2020-11-26,2022-11-11,512,512,0,0,2020-11-26,2022-11-11,True,
10,CDW,2020-11-26,2022-11-11,512,512,0,0,2020-11-26,2022-11-11,True,
10,CE,2020-11-26,2022-11-11,512,512,0,0,2020-11-26,2022-11-11,True,
10,CHTR,2020-11-26,2022-11-11,512,512,0,0,2020-11-26,2022-11-11,True,
10,CNC,2020-11-26,2022-11-11,512,512,0,0,2020-11-26,2022-11-11,True,
10,CNP,2020-11-26,2022-11-11,512,512,0,0,2020-11-26,2022-11-11,True,
10,COP,2020-11-26,2022-11-11,512,512,0,0,2020-11-26,2022-11-11,True,
10,CTAS,2020-11-26,2022-11-11,512,512,0,0,2020-11-26,2022-11-11,True,
10,CZR,2020-11-26,2022-11-11,512,512,0,0,2020-11-26,2022-11-11,True,
10,DG,2020-11-26,2022-11-11,512,512,0,0,2020-11-26,2022-11-11,True,
10,DPZ,2020-11-26,2022-11-11,512,512,0,0,2020-11-26,2022-11-11,True,
10,DRE,2020-11-26,2022-11-11,512,512,0,0,2020-11-26,2022-11-11,True,"Context includes post-acquisition period; returns after 2022-10-03 are exactly zero (Stage 2 treatment, unchanged)."
10,DXC,2020-11-26,2022-11-11,512,512,0,0,2020-11-26,2022-11-11,True,
10,EWA,2020-11-26,2022-11-11,512,512,0,0,2020-11-26,2022-11-11,True,
10,EWC,2020-11-26,2022-11-11,512,512,0,0,2020-11-26,2022-11-11,True,
10,EWG,2020-11-26,2022-11-11,512,512,0,0,2020-11-26,2022-11-11,True,
10,EWH,2020-11-26,2022-11-11,512,512,0,0,2020-11-26,2022-11-11,True,
10,EWJ,2020-11-26,2022-11-11,512,512,0,0,2020-11-26,2022-11-11,True,
10,EWL,2020-11-26,2022-11-11,512,512,0,0,2020-11-26,2022-11-11,True,
10,EWQ,2020-11-26,2022-11-11,512,512,0,0,2020-11-26,2022-11-11,True,
10,EWT,2020-11-26,2022-11-11,512,512,0,0,2020-11-26,2022-11-11,True,
10,EWU,2020-11-26,2022-11-11,512,512,0,0,2020-11-26,2022-11-11,True,
10,EWY,2020-11-26,2022-11-11,512,512,0,0,2020-11-26,2022-11-11,True,
10,EWZ,2020-11-26,2022-11-11,512,512,0,0,2020-11-26,2022-11-11,True,
10,FTV,2020-11-26,2022-11-11,512,512,0,0,2020-11-26,2022-11-11,True,
10,GOOG,2020-11-26,2022-11-11,512,512,0,0,2020-11-26,2022-11-11,True,
10,GPC,2020-11-26,2022-11-11,512,512,0,0,2020-11-26,2022-11-11,True,
10,GSG,2020-11-26,2022-11-11,512,512,0,0,2020-11-26,2022-11-11,True,
10,HIG,2020-11-26,2022-11-11,512,512,0,0,2020-11-26,2022-11-11,True,
10,HIGH.L,2020-11-26,2022-11-11,512,512,0,0,2020-11-26,2022-11-11,True,
10,HST,2020-11-26,2022-11-11,512,512,0,0,2020-11-26,2022-11-11,True,
10,HYG,2020-11-26,2022-11-11,512,512,0,0,2020-11-26,2022-11-11,True,
10,IAU,2020-11-26,2022-11-11,512,512,0,0,2020-11-26,2022-11-11,True,
10,ICLN,2020-11-26,2022-11-11,512,512,0,0,2020-11-26,2022-11-11,True,
10,IEAA.L,2020-11-26,2022-11-11,512,512,0,0,2020-11-26,2022-11-11,True,
10,IEF,2020-11-26,2022-11-11,512,512,0,0,2020-11-26,2022-11-11,True,
10,IEFM.L,2020-11-26,2022-11-11,512,512,0,0,2020-11-26,2022-11-11,True,
10,IEMG,2020-11-26,2022-11-11,512,512,0,0,2020-11-26,2022-11-11,True,
10,IEUS,2020-11-26,2022-11-11,512,512,0,0,2020-11-26,2022-11-11,True,
10,IEVL.L,2020-11-26,2022-11-11,512,512,0,0,2020-11-26,2022-11-11,True,
10,IGF,2020-11-26,2022-11-11,512,512,0,0,2020-11-26,2022-11-11,True,
10,INDA,2020-11-26,2022-11-11,512,512,0,0,2020-11-26,2022-11-11,True,
10,IUMO.L,2020-11-26,2022-11-11,512,512,0,0,2020-11-26,2022-11-11,True,
10,IUVL.L,2020-11-26,2022-11-11,512,512,0,0,2020-11-26,2022-11-11,True,
10,IVV,2020-11-26,2022-11-11,512,512,0,0,2020-11-26,2022-11-11,True,
10,IWM,2020-11-26,2022-11-11,512,512,0,0,2020-11-26,2022-11-11,True,
10,IXN,2020-11-26,2022-11-11,512,512,0,0,2020-11-26,2022-11-11,True,
10,JPEA.L,2020-11-26,2022-11-11,512,512,0,0,2020-11-26,2022-11-11,True,
10,JPM,2020-11-26,2022-11-11,512,512,0,0,2020-11-26,2022-11-11,True,
10,KR,2020-11-26,2022-11-11,512,512,0,0,2020-11-26,2022-11-11,True,
10,LQD,2020-11-26,2022-11-11,512,512,0,0,2020-11-26,2022-11-11,True,
10,MCHI,2020-11-26,2022-11-11,512,512,0,0,2020-11-26,2022-11-11,True,
10,META,2020-11-26,2022-11-11,512,512,0,0,2020-11-26,2022-11-11,True,
10,MVEU.L,2020-11-26,2022-11-11,512,512,0,0,2020-11-26,2022-11-11,True,
10,OGN,2020-11-26,2022-11-11,512,390,122,122,2021-05-17,2022-11-11,True,"Genuine later inception; leading missing values preserved, no padding."
10,PG,2020-11-26,2022-11-11,512,512,0,0,2020-11-26,2022-11-11,True,
10,PPL,2020-11-26,2022-11-11,512,512,0,0,2020-11-26,2022-11-11,True,
10,PRU,2020-11-26,2022-11-11,512,512,0,0,2020-11-26,2022-11-11,True,
10,PYPL,2020-11-26,2022-11-11,512,512,0,0,2020-11-26,2022-11-11,True,
10,RE,2020-11-26,2022-11-11,512,512,0,0,2020-11-26,2022-11-11,True,
10,REET,2020-11-26,2022-11-11,512,512,0,0,2020-11-26,2022-11-11,True,
10,ROL,2020-11-26,2022-11-11,512,512,0,0,2020-11-26,2022-11-11,True,
10,ROST,2020-11-26,2022-11-11,512,512,0,0,2020-11-26,2022-11-11,True,
10,SEGA.L,2020-11-26,2022-11-11,512,512,0,0,2020-11-26,2022-11-11,True,
10,SHY,2020-11-26,2022-11-11,512,512,0,0,2020-11-26,2022-11-11,True,
10,SLV,2020-11-26,2022-11-11,512,512,0,0,2020-11-26,2022-11-11,True,
10,SPMV.L,2020-11-26,2022-11-11,512,512,0,0,2020-11-26,2022-11-11,True,
10,TLT,2020-11-26,2022-11-11,512,512,0,0,2020-11-26,2022-11-11,True,
10,UNH,2020-11-26,2022-11-11,512,512,0,0,2020-11-26,2022-11-11,True,
10,URI,2020-11-26,2022-11-11,512,512,0,0,2020-11-26,2022-11-11,True,
10,V,2020-11-26,2022-11-11,512,512,0,0,2020-11-26,2022-11-11,True,
10,VRSK,2020-11-26,2022-11-11,512,512,0,0,2020-11-26,2022-11-11,True,
10,VXX,2020-11-26,2022-11-11,512,512,0,0,2020-11-26,2022-11-11,True,
10,WRK,2020-11-26,2022-11-11,512,512,0,0,2020-11-26,2022-11-11,True,
10,XLB,2020-11-26,2022-11-11,512,512,0,0,2020-11-26,2022-11-11,True,
10,XLC,2020-11-26,2022-11-11,512,512,0,0,2020-11-26,2022-11-11,True,
10,XLE,2020-11-26,2022-11-11,512,512,0,0,2020-11-26,2022-11-11,True,
10,XLF,2020-11-26,2022-11-11,512,512,0,0,2020-11-26,2022-11-11,True,
10,XLI,2020-11-26,2022-11-11,512,512,0,0,2020-11-26,2022-11-11,True,
10,XLK,2020-11-26,2022-11-11,512,512,0,0,2020-11-26,2022-11-11,True,
10,XLP,2020-11-26,2022-11-11,512,512,0,0,2020-11-26,2022-11-11,True,
10,XLU,2020-11-26,2022-11-11,512,512,0,0,2020-11-26,2022-11-11,True,
10,XLV,2020-11-26,2022-11-11,512,512,0,0,2020-11-26,2022-11-11,True,
10,XLY,2020-11-26,2022-11-11,512,512,0,0,2020-11-26,2022-11-11,True,
10,XOM,2020-11-26,2022-11-11,512,512,0,0,2020-11-26,2022-11-11,True,
11,ABBV,2020-12-24,2022-12-09,512,512,0,0,2020-12-24,2022-12-09,True,
11,ACN,2020-12-24,2022-12-09,512,512,0,0,2020-12-24,2022-12-09,True,
11,AEP,2020-12-24,2022-12-09,512,512,0,0,2020-12-24,2022-12-09,True,
11,AIZ,2020-12-24,2022-12-09,512,512,0,0,2020-12-24,2022-12-09,True,
11,ALLE,2020-12-24,2022-12-09,512,512,0,0,2020-12-24,2022-12-09,True,
11,AMAT,2020-12-24,2022-12-09,512,512,0,0,2020-12-24,2022-12-09,True,
11,AMP,2020-12-24,2022-12-09,512,512,0,0,2020-12-24,2022-12-09,True,
11,AMZN,2020-12-24,2022-12-09,512,512,0,0,2020-12-24,2022-12-09,True,
11,AVB,2020-12-24,2022-12-09,512,512,0,0,2020-12-24,2022-12-09,True,
11,AVY,2020-12-24,2022-12-09,512,512,0,0,2020-12-24,2022-12-09,True,
11,AXP,2020-12-24,2022-12-09,512,512,0,0,2020-12-24,2022-12-09,True,
11,BDX,2020-12-24,2022-12-09,512,512,0,0,2020-12-24,2022-12-09,True,
11,BF-B,2020-12-24,2022-12-09,512,512,0,0,2020-12-24,2022-12-09,True,
11,BMY,2020-12-24,2022-12-09,512,512,0,0,2020-12-24,2022-12-09,True,
11,BR,2020-12-24,2022-12-09,512,512,0,0,2020-12-24,2022-12-09,True,
11,CARR,2020-12-24,2022-12-09,512,512,0,0,2020-12-24,2022-12-09,True,
11,CDW,2020-12-24,2022-12-09,512,512,0,0,2020-12-24,2022-12-09,True,
11,CE,2020-12-24,2022-12-09,512,512,0,0,2020-12-24,2022-12-09,True,
11,CHTR,2020-12-24,2022-12-09,512,512,0,0,2020-12-24,2022-12-09,True,
11,CNC,2020-12-24,2022-12-09,512,512,0,0,2020-12-24,2022-12-09,True,
11,CNP,2020-12-24,2022-12-09,512,512,0,0,2020-12-24,2022-12-09,True,
11,COP,2020-12-24,2022-12-09,512,512,0,0,2020-12-24,2022-12-09,True,
11,CTAS,2020-12-24,2022-12-09,512,512,0,0,2020-12-24,2022-12-09,True,
11,CZR,2020-12-24,2022-12-09,512,512,0,0,2020-12-24,2022-12-09,True,
11,DG,2020-12-24,2022-12-09,512,512,0,0,2020-12-24,2022-12-09,True,
11,DPZ,2020-12-24,2022-12-09,512,512,0,0,2020-12-24,2022-12-09,True,
11,DRE,2020-12-24,2022-12-09,512,512,0,0,2020-12-24,2022-12-09,True,"Context includes post-acquisition period; returns after 2022-10-03 are exactly zero (Stage 2 treatment, unchanged)."
11,DXC,2020-12-24,2022-12-09,512,512,0,0,2020-12-24,2022-12-09,True,
11,EWA,2020-12-24,2022-12-09,512,512,0,0,2020-12-24,2022-12-09,True,
11,EWC,2020-12-24,2022-12-09,512,512,0,0,2020-12-24,2022-12-09,True,
11,EWG,2020-12-24,2022-12-09,512,512,0,0,2020-12-24,2022-12-09,True,
11,EWH,2020-12-24,2022-12-09,512,512,0,0,2020-12-24,2022-12-09,True,
11,EWJ,2020-12-24,2022-12-09,512,512,0,0,2020-12-24,2022-12-09,True,
11,EWL,2020-12-24,2022-12-09,512,512,0,0,2020-12-24,2022-12-09,True,
11,EWQ,2020-12-24,2022-12-09,512,512,0,0,2020-12-24,2022-12-09,True,
11,EWT,2020-12-24,2022-12-09,512,512,0,0,2020-12-24,2022-12-09,True,
11,EWU,2020-12-24,2022-12-09,512,512,0,0,2020-12-24,2022-12-09,True,
11,EWY,2020-12-24,2022-12-09,512,512,0,0,2020-12-24,2022-12-09,True,
11,EWZ,2020-12-24,2022-12-09,512,512,0,0,2020-12-24,2022-12-09,True,
11,FTV,2020-12-24,2022-12-09,512,512,0,0,2020-12-24,2022-12-09,True,
11,GOOG,2020-12-24,2022-12-09,512,512,0,0,2020-12-24,2022-12-09,True,
11,GPC,2020-12-24,2022-12-09,512,512,0,0,2020-12-24,2022-12-09,True,
11,GSG,2020-12-24,2022-12-09,512,512,0,0,2020-12-24,2022-12-09,True,
11,HIG,2020-12-24,2022-12-09,512,512,0,0,2020-12-24,2022-12-09,True,
11,HIGH.L,2020-12-24,2022-12-09,512,512,0,0,2020-12-24,2022-12-09,True,
11,HST,2020-12-24,2022-12-09,512,512,0,0,2020-12-24,2022-12-09,True,
11,HYG,2020-12-24,2022-12-09,512,512,0,0,2020-12-24,2022-12-09,True,
11,IAU,2020-12-24,2022-12-09,512,512,0,0,2020-12-24,2022-12-09,True,
11,ICLN,2020-12-24,2022-12-09,512,512,0,0,2020-12-24,2022-12-09,True,
11,IEAA.L,2020-12-24,2022-12-09,512,512,0,0,2020-12-24,2022-12-09,True,
11,IEF,2020-12-24,2022-12-09,512,512,0,0,2020-12-24,2022-12-09,True,
11,IEFM.L,2020-12-24,2022-12-09,512,512,0,0,2020-12-24,2022-12-09,True,
11,IEMG,2020-12-24,2022-12-09,512,512,0,0,2020-12-24,2022-12-09,True,
11,IEUS,2020-12-24,2022-12-09,512,512,0,0,2020-12-24,2022-12-09,True,
11,IEVL.L,2020-12-24,2022-12-09,512,512,0,0,2020-12-24,2022-12-09,True,
11,IGF,2020-12-24,2022-12-09,512,512,0,0,2020-12-24,2022-12-09,True,
11,INDA,2020-12-24,2022-12-09,512,512,0,0,2020-12-24,2022-12-09,True,
11,IUMO.L,2020-12-24,2022-12-09,512,512,0,0,2020-12-24,2022-12-09,True,
11,IUVL.L,2020-12-24,2022-12-09,512,512,0,0,2020-12-24,2022-12-09,True,
11,IVV,2020-12-24,2022-12-09,512,512,0,0,2020-12-24,2022-12-09,True,
11,IWM,2020-12-24,2022-12-09,512,512,0,0,2020-12-24,2022-12-09,True,
11,IXN,2020-12-24,2022-12-09,512,512,0,0,2020-12-24,2022-12-09,True,
11,JPEA.L,2020-12-24,2022-12-09,512,512,0,0,2020-12-24,2022-12-09,True,
11,JPM,2020-12-24,2022-12-09,512,512,0,0,2020-12-24,2022-12-09,True,
11,KR,2020-12-24,2022-12-09,512,512,0,0,2020-12-24,2022-12-09,True,
11,LQD,2020-12-24,2022-12-09,512,512,0,0,2020-12-24,2022-12-09,True,
11,MCHI,2020-12-24,2022-12-09,512,512,0,0,2020-12-24,2022-12-09,True,
11,META,2020-12-24,2022-12-09,512,512,0,0,2020-12-24,2022-12-09,True,
11,MVEU.L,2020-12-24,2022-12-09,512,512,0,0,2020-12-24,2022-12-09,True,
11,OGN,2020-12-24,2022-12-09,512,410,102,102,2021-05-17,2022-12-09,True,"Genuine later inception; leading missing values preserved, no padding."
11,PG,2020-12-24,2022-12-09,512,512,0,0,2020-12-24,2022-12-09,True,
11,PPL,2020-12-24,2022-12-09,512,512,0,0,2020-12-24,2022-12-09,True,
11,PRU,2020-12-24,2022-12-09,512,512,0,0,2020-12-24,2022-12-09,True,
11,PYPL,2020-12-24,2022-12-09,512,512,0,0,2020-12-24,2022-12-09,True,
11,RE,2020-12-24,2022-12-09,512,512,0,0,2020-12-24,2022-12-09,True,
11,REET,2020-12-24,2022-12-09,512,512,0,0,2020-12-24,2022-12-09,True,
11,ROL,2020-12-24,2022-12-09,512,512,0,0,2020-12-24,2022-12-09,True,
11,ROST,2020-12-24,2022-12-09,512,512,0,0,2020-12-24,2022-12-09,True,
11,SEGA.L,2020-12-24,2022-12-09,512,512,0,0,2020-12-24,2022-12-09,True,
11,SHY,2020-12-24,2022-12-09,512,512,0,0,2020-12-24,2022-12-09,True,
11,SLV,2020-12-24,2022-12-09,512,512,0,0,2020-12-24,2022-12-09,True,
11,SPMV.L,2020-12-24,2022-12-09,512,512,0,0,2020-12-24,2022-12-09,True,
11,TLT,2020-12-24,2022-12-09,512,512,0,0,2020-12-24,2022-12-09,True,
11,UNH,2020-12-24,2022-12-09,512,512,0,0,2020-12-24,2022-12-09,True,
11,URI,2020-12-24,2022-12-09,512,512,0,0,2020-12-24,2022-12-09,True,
11,V,2020-12-24,2022-12-09,512,512,0,0,2020-12-24,2022-12-09,True,
11,VRSK,2020-12-24,2022-12-09,512,512,0,0,2020-12-24,2022-12-09,True,
11,VXX,2020-12-24,2022-12-09,512,512,0,0,2020-12-24,2022-12-09,True,
11,WRK,2020-12-24,2022-12-09,512,512,0,0,2020-12-24,2022-12-09,True,
11,XLB,2020-12-24,2022-12-09,512,512,0,0,2020-12-24,2022-12-09,True,
11,XLC,2020-12-24,2022-12-09,512,512,0,0,2020-12-24,2022-12-09,True,
11,XLE,2020-12-24,2022-12-09,512,512,0,0,2020-12-24,2022-12-09,True,
11,XLF,2020-12-24,2022-12-09,512,512,0,0,2020-12-24,2022-12-09,True,
11,XLI,2020-12-24,2022-12-09,512,512,0,0,2020-12-24,2022-12-09,True,
11,XLK,2020-12-24,2022-12-09,512,512,0,0,2020-12-24,2022-12-09,True,
11,XLP,2020-12-24,2022-12-09,512,512,0,0,2020-12-24,2022-12-09,True,
11,XLU,2020-12-24,2022-12-09,512,512,0,0,2020-12-24,2022-12-09,True,
11,XLV,2020-12-24,2022-12-09,512,512,0,0,2020-12-24,2022-12-09,True,
11,XLY,2020-12-24,2022-12-09,512,512,0,0,2020-12-24,2022-12-09,True,
11,XOM,2020-12-24,2022-12-09,512,512,0,0,2020-12-24,2022-12-09,True,
12,ABBV,2021-01-21,2023-01-06,512,512,0,0,2021-01-21,2023-01-06,True,
12,ACN,2021-01-21,2023-01-06,512,512,0,0,2021-01-21,2023-01-06,True,
12,AEP,2021-01-21,2023-01-06,512,512,0,0,2021-01-21,2023-01-06,True,
12,AIZ,2021-01-21,2023-01-06,512,512,0,0,2021-01-21,2023-01-06,True,
12,ALLE,2021-01-21,2023-01-06,512,512,0,0,2021-01-21,2023-01-06,True,
12,AMAT,2021-01-21,2023-01-06,512,512,0,0,2021-01-21,2023-01-06,True,
12,AMP,2021-01-21,2023-01-06,512,512,0,0,2021-01-21,2023-01-06,True,
12,AMZN,2021-01-21,2023-01-06,512,512,0,0,2021-01-21,2023-01-06,True,
12,AVB,2021-01-21,2023-01-06,512,512,0,0,2021-01-21,2023-01-06,True,
12,AVY,2021-01-21,2023-01-06,512,512,0,0,2021-01-21,2023-01-06,True,
12,AXP,2021-01-21,2023-01-06,512,512,0,0,2021-01-21,2023-01-06,True,
12,BDX,2021-01-21,2023-01-06,512,512,0,0,2021-01-21,2023-01-06,True,
12,BF-B,2021-01-21,2023-01-06,512,512,0,0,2021-01-21,2023-01-06,True,
12,BMY,2021-01-21,2023-01-06,512,512,0,0,2021-01-21,2023-01-06,True,
12,BR,2021-01-21,2023-01-06,512,512,0,0,2021-01-21,2023-01-06,True,
12,CARR,2021-01-21,2023-01-06,512,512,0,0,2021-01-21,2023-01-06,True,
12,CDW,2021-01-21,2023-01-06,512,512,0,0,2021-01-21,2023-01-06,True,
12,CE,2021-01-21,2023-01-06,512,512,0,0,2021-01-21,2023-01-06,True,
12,CHTR,2021-01-21,2023-01-06,512,512,0,0,2021-01-21,2023-01-06,True,
12,CNC,2021-01-21,2023-01-06,512,512,0,0,2021-01-21,2023-01-06,True,
12,CNP,2021-01-21,2023-01-06,512,512,0,0,2021-01-21,2023-01-06,True,
12,COP,2021-01-21,2023-01-06,512,512,0,0,2021-01-21,2023-01-06,True,
12,CTAS,2021-01-21,2023-01-06,512,512,0,0,2021-01-21,2023-01-06,True,
12,CZR,2021-01-21,2023-01-06,512,512,0,0,2021-01-21,2023-01-06,True,
12,DG,2021-01-21,2023-01-06,512,512,0,0,2021-01-21,2023-01-06,True,
12,DPZ,2021-01-21,2023-01-06,512,512,0,0,2021-01-21,2023-01-06,True,
12,DRE,2021-01-21,2023-01-06,512,512,0,0,2021-01-21,2023-01-06,True,"Context includes post-acquisition period; returns after 2022-10-03 are exactly zero (Stage 2 treatment, unchanged)."
12,DXC,2021-01-21,2023-01-06,512,512,0,0,2021-01-21,2023-01-06,True,
12,EWA,2021-01-21,2023-01-06,512,512,0,0,2021-01-21,2023-01-06,True,
12,EWC,2021-01-21,2023-01-06,512,512,0,0,2021-01-21,2023-01-06,True,
12,EWG,2021-01-21,2023-01-06,512,512,0,0,2021-01-21,2023-01-06,True,
12,EWH,2021-01-21,2023-01-06,512,512,0,0,2021-01-21,2023-01-06,True,
12,EWJ,2021-01-21,2023-01-06,512,512,0,0,2021-01-21,2023-01-06,True,
12,EWL,2021-01-21,2023-01-06,512,512,0,0,2021-01-21,2023-01-06,True,
12,EWQ,2021-01-21,2023-01-06,512,512,0,0,2021-01-21,2023-01-06,True,
12,EWT,2021-01-21,2023-01-06,512,512,0,0,2021-01-21,2023-01-06,True,
12,EWU,2021-01-21,2023-01-06,512,512,0,0,2021-01-21,2023-01-06,True,
12,EWY,2021-01-21,2023-01-06,512,512,0,0,2021-01-21,2023-01-06,True,
12,EWZ,2021-01-21,2023-01-06,512,512,0,0,2021-01-21,2023-01-06,True,
12,FTV,2021-01-21,2023-01-06,512,512,0,0,2021-01-21,2023-01-06,True,
12,GOOG,2021-01-21,2023-01-06,512,512,0,0,2021-01-21,2023-01-06,True,
12,GPC,2021-01-21,2023-01-06,512,512,0,0,2021-01-21,2023-01-06,True,
12,GSG,2021-01-21,2023-01-06,512,512,0,0,2021-01-21,2023-01-06,True,
12,HIG,2021-01-21,2023-01-06,512,512,0,0,2021-01-21,2023-01-06,True,
12,HIGH.L,2021-01-21,2023-01-06,512,512,0,0,2021-01-21,2023-01-06,True,
12,HST,2021-01-21,2023-01-06,512,512,0,0,2021-01-21,2023-01-06,True,
12,HYG,2021-01-21,2023-01-06,512,512,0,0,2021-01-21,2023-01-06,True,
12,IAU,2021-01-21,2023-01-06,512,512,0,0,2021-01-21,2023-01-06,True,
12,ICLN,2021-01-21,2023-01-06,512,512,0,0,2021-01-21,2023-01-06,True,
12,IEAA.L,2021-01-21,2023-01-06,512,512,0,0,2021-01-21,2023-01-06,True,
12,IEF,2021-01-21,2023-01-06,512,512,0,0,2021-01-21,2023-01-06,True,
12,IEFM.L,2021-01-21,2023-01-06,512,512,0,0,2021-01-21,2023-01-06,True,
12,IEMG,2021-01-21,2023-01-06,512,512,0,0,2021-01-21,2023-01-06,True,
12,IEUS,2021-01-21,2023-01-06,512,512,0,0,2021-01-21,2023-01-06,True,
12,IEVL.L,2021-01-21,2023-01-06,512,512,0,0,2021-01-21,2023-01-06,True,
12,IGF,2021-01-21,2023-01-06,512,512,0,0,2021-01-21,2023-01-06,True,
12,INDA,2021-01-21,2023-01-06,512,512,0,0,2021-01-21,2023-01-06,True,
12,IUMO.L,2021-01-21,2023-01-06,512,512,0,0,2021-01-21,2023-01-06,True,
12,IUVL.L,2021-01-21,2023-01-06,512,512,0,0,2021-01-21,2023-01-06,True,
12,IVV,2021-01-21,2023-01-06,512,512,0,0,2021-01-21,2023-01-06,True,
12,IWM,2021-01-21,2023-01-06,512,512,0,0,2021-01-21,2023-01-06,True,
12,IXN,2021-01-21,2023-01-06,512,512,0,0,2021-01-21,2023-01-06,True,
12,JPEA.L,2021-01-21,2023-01-06,512,512,0,0,2021-01-21,2023-01-06,True,
12,JPM,2021-01-21,2023-01-06,512,512,0,0,2021-01-21,2023-01-06,True,
12,KR,2021-01-21,2023-01-06,512,512,0,0,2021-01-21,2023-01-06,True,
12,LQD,2021-01-21,2023-01-06,512,512,0,0,2021-01-21,2023-01-06,True,
12,MCHI,2021-01-21,2023-01-06,512,512,0,0,2021-01-21,2023-01-06,True,
12,META,2021-01-21,2023-01-06,512,512,0,0,2021-01-21,2023-01-06,True,
12,MVEU.L,2021-01-21,2023-01-06,512,512,0,0,2021-01-21,2023-01-06,True,
12,OGN,2021-01-21,2023-01-06,512,430,82,82,2021-05-17,2023-01-06,True,"Genuine later inception; leading missing values preserved, no padding."
12,PG,2021-01-21,2023-01-06,512,512,0,0,2021-01-21,2023-01-06,True,
12,PPL,2021-01-21,2023-01-06,512,512,0,0,2021-01-21,2023-01-06,True,
12,PRU,2021-01-21,2023-01-06,512,512,0,0,2021-01-21,2023-01-06,True,
12,PYPL,2021-01-21,2023-01-06,512,512,0,0,2021-01-21,2023-01-06,True,
12,RE,2021-01-21,2023-01-06,512,512,0,0,2021-01-21,2023-01-06,True,
12,REET,2021-01-21,2023-01-06,512,512,0,0,2021-01-21,2023-01-06,True,
12,ROL,2021-01-21,2023-01-06,512,512,0,0,2021-01-21,2023-01-06,True,
12,ROST,2021-01-21,2023-01-06,512,512,0,0,2021-01-21,2023-01-06,True,
12,SEGA.L,2021-01-21,2023-01-06,512,512,0,0,2021-01-21,2023-01-06,True,
12,SHY,2021-01-21,2023-01-06,512,512,0,0,2021-01-21,2023-01-06,True,
12,SLV,2021-01-21,2023-01-06,512,512,0,0,2021-01-21,2023-01-06,True,
12,SPMV.L,2021-01-21,2023-01-06,512,512,0,0,2021-01-21,2023-01-06,True,
12,TLT,2021-01-21,2023-01-06,512,512,0,0,2021-01-21,2023-01-06,True,
12,UNH,2021-01-21,2023-01-06,512,512,0,0,2021-01-21,2023-01-06,True,
12,URI,2021-01-21,2023-01-06,512,512,0,0,2021-01-21,2023-01-06,True,
12,V,2021-01-21,2023-01-06,512,512,0,0,2021-01-21,2023-01-06,True,
12,VRSK,2021-01-21,2023-01-06,512,512,0,0,2021-01-21,2023-01-06,True,
12,VXX,2021-01-21,2023-01-06,512,512,0,0,2021-01-21,2023-01-06,True,
12,WRK,2021-01-21,2023-01-06,512,512,0,0,2021-01-21,2023-01-06,True,
12,XLB,2021-01-21,2023-01-06,512,512,0,0,2021-01-21,2023-01-06,True,
12,XLC,2021-01-21,2023-01-06,512,512,0,0,2021-01-21,2023-01-06,True,
12,XLE,2021-01-21,2023-01-06,512,512,0,0,2021-01-21,2023-01-06,True,
12,XLF,2021-01-21,2023-01-06,512,512,0,0,2021-01-21,2023-01-06,True,
12,XLI,2021-01-21,2023-01-06,512,512,0,0,2021-01-21,2023-01-06,True,
12,XLK,2021-01-21,2023-01-06,512,512,0,0,2021-01-21,2023-01-06,True,
12,XLP,2021-01-21,2023-01-06,512,512,0,0,2021-01-21,2023-01-06,True,
12,XLU,2021-01-21,2023-01-06,512,512,0,0,2021-01-21,2023-01-06,True,
12,XLV,2021-01-21,2023-01-06,512,512,0,0,2021-01-21,2023-01-06,True,
12,XLY,2021-01-21,2023-01-06,512,512,0,0,2021-01-21,2023-01-06,True,
12,XOM,2021-01-21,2023-01-06,512,512,0,0,2021-01-21,2023-01-06,True,
